n_estimators,max_depth,learning_rate,subsample,min_samples_split,val_rmse
500,4,0.1,0.7,2,0.081737
100,5,0.05,0.7,2,0.078266
100,3,0.1,0.5,5,0.079132
500,6,0.2,0.6,2,0.083729
200,4,0.2,0.6,10,0.086559
200,4,0.01,0.8,5,0.082253
200,3,0.2,0.5,2,0.084611
100,5,0.2,0.8,5,0.081416
500,6,0.1,0.8,5,0.079903
100,5,0.01,0.7,10,0.110851
500,5,0.05,0.7,10,0.079315
300,6,0.1,0.7,2,0.078859
100,4,0.2,0.6,10,0.083979
500,3,0.1,0.6,5,0.080749
300,4,0.01,0.5,2,0.076512
100,3,0.1,0.7,10,0.078626
100,3,0.1,0.7,2,0.078603
100,4,0.2,0.8,10,0.080021
200,3,0.1,0.7,5,0.079719
200,3,0.2,0.8,5,0.081391
300,5,0.2,0.5,5,0.085776
500,3,0.2,0.6,5,0.082703
100,3,0.1,0.6,2,0.07838
300,6,0.2,0.8,5,0.082493
200,3,0.01,0.8,10,0.085002
500,6,0.05,0.5,5,0.079946
500,4,0.2,0.6,10,0.088363
500,5,0.2,0.8,5,0.082735
500,6,0.2,0.5,2,0.083702
300,3,0.2,0.8,2,0.081598
200,3,0.1,0.8,2,0.07797
300,4,0.1,0.6,2,0.080142
500,3,0.1,0.6,2,0.082524
200,4,0.2,0.7,10,0.08116
100,3,0.01,0.7,2,0.115201
100,6,0.05,0.7,5,0.078949
500,5,0.2,0.7,2,0.085816
500,6,0.1,0.8,2,0.078642
200,6,0.05,0.5,2,0.077926
500,6,0.05,0.5,10,0.077769
100,6,0.05,0.6,2,0.078532
200,3,0.1,0.6,5,0.080217
200,6,0.01,0.7,10,0.081171
500,6,0.2,0.5,10,0.086
100,4,0.2,0.8,5,0.077382
300,3,0.01,0.6,10,0.078117
100,5,0.01,0.6,2,0.111217
200,6,0.1,0.7,5,0.079436
200,6,0.05,0.6,5,0.078028
500,3,0.2,0.7,2,0.083331
200,4,0.1,0.7,2,0.080384
100,3,0.2,0.7,10,0.08023
300,4,0.2,0.5,10,0.086438
300,6,0.05,0.8,2,0.07752
100,5,0.1,0.7,5,0.080602
300,3,0.01,0.6,2,0.078115
100,4,0.1,0.7,10,0.079169
300,6,0.2,0.5,5,0.085898
200,5,0.05,0.5,2,0.077246
500,4,0.05,0.7,5,0.078923
500,4,0.01,0.8,2,0.076373
200,6,0.1,0.8,5,0.079317
500,3,0.05,0.6,2,0.078682
200,3,0.01,0.6,5,0.084559
100,4,0.05,0.8,10,0.077328
100,3,0.2,0.8,5,0.080335
500,5,0.01,0.6,10,0.077228
200,3,0.2,0.6,10,0.083533
200,5,0.01,0.7,10,0.081357
100,4,0.1,0.8,2,0.079081
500,6,0.1,0.6,5,0.078997
100,5,0.01,0.7,5,0.110696
500,6,0.01,0.5,10,0.07691
500,6,0.01,0.7,10,0.077162
300,4,0.1,0.7,10,0.081368
500,4,0.1,0.5,10,0.080647
200,6,0.2,0.5,5,0.085908
100,6,0.05,0.8,5,0.077043
200,6,0.2,0.7,5,0.081396
200,6,0.1,0.6,2,0.078888
200,3,0.05,0.8,5,0.078103
500,5,0.05,0.5,10,0.079628
200,4,0.1,0.8,2,0.079871
500,4,0.2,0.6,2,0.086188
100,4,0.1,0.5,5,0.079152
500,3,0.2,0.8,10,0.083908
500,6,0.2,0.5,5,0.085928
100,6,0.1,0.7,5,0.078908
300,6,0.05,0.7,2,0.079272
500,6,0.2,0.7,2,0.080607
100,6,0.05,0.8,10,0.077426
300,4,0.2,0.6,10,0.087378
300,3,0.01,0.6,5,0.078117
200,4,0.2,0.5,2,0.081369
500,4,0.1,0.7,5,0.082407
300,6,0.2,0.7,2,0.080551
200,3,0.1,0.7,10,0.079212
200,5,0.2,0.7,10,0.082441
100,4,0.01,0.8,2,0.112486
200,3,0.2,0.7,2,0.081754
500,6,0.1,0.7,10,0.079022
200,5,0.1,0.8,10,0.081328
300,3,0.1,0.5,10,0.078339
200,4,0.1,0.8,5,0.079693
100,4,0.05,0.7,5,0.077914
200,3,0.1,0.5,2,0.079916
500,3,0.01,0.6,5,0.077017
200,5,0.1,0.8,5,0.078549
200,3,0.1,0.5,5,0.079321
300,5,0.1,0.7,5,0.082146
300,3,0.05,0.8,2,0.078396
300,4,0.2,0.5,5,0.085633
100,6,0.01,0.5,10,0.110424
200,4,0.1,0.7,5,0.08022
500,6,0.2,0.6,5,0.08494
200,4,0.05,0.5,2,0.078664
500,6,0.1,0.5,2,0.083491
300,6,0.05,0.8,10,0.077917
200,4,0.1,0.6,10,0.079677
500,3,0.05,0.8,5,0.079873
300,4,0.01,0.7,2,0.076915
500,3,0.05,0.8,2,0.079359
300,3,0.1,0.5,2,0.079026
500,5,0.1,0.8,5,0.079784
500,4,0.2,0.8,10,0.084034
100,5,0.2,0.8,2,0.081722
300,5,0.2,0.6,10,0.087612
300,5,0.1,0.5,5,0.082151
100,4,0.2,0.8,2,0.079208
100,4,0.01,0.5,2,0.111751
100,5,0.05,0.6,5,0.077086
100,6,0.05,0.5,2,0.076742
500,6,0.05,0.5,2,0.079202
500,6,0.01,0.8,5,0.077113
500,3,0.1,0.8,5,0.080639
100,4,0.05,0.6,10,0.077484
300,3,0.01,0.8,5,0.078549
300,3,0.01,0.7,2,0.078507
500,5,0.1,0.8,10,0.083003
300,4,0.2,0.8,10,0.083158
300,6,0.05,0.5,5,0.079349
200,4,0.05,0.6,10,0.079415
300,6,0.2,0.5,10,0.086048
100,3,0.01,0.8,10,0.115332
100,5,0.05,0.8,2,0.077299
500,6,0.01,0.8,10,0.076876
500,5,0.05,0.5,5,0.078796
500,6,0.01,0.8,2,0.077123
500,6,0.2,0.8,5,0.082514
500,5,0.2,0.5,5,0.086081
300,4,0.05,0.5,5,0.077686
100,6,0.05,0.6,10,0.077902
500,5,0.05,0.8,2,0.07808
100,3,0.01,0.6,2,0.115142
500,4,0.1,0.5,5,0.080617
300,5,0.1,0.7,10,0.079994
100,6,0.2,0.5,10,0.084811
300,5,0.2,0.6,2,0.0838
100,5,0.05,0.5,2,0.07655
200,5,0.05,0.6,10,0.079361
500,4,0.01,0.6,10,0.076822
500,6,0.05,0.8,10,0.078461
500,4,0.05,0.5,2,0.079443
200,6,0.2,0.8,5,0.082374
100,6,0.05,0.8,2,0.076734
300,6,0.1,0.5,2,0.083212
300,6,0.05,0.6,2,0.079619
100,3,0.01,0.5,2,0.11513
200,5,0.2,0.7,5,0.08403
300,5,0.05,0.7,10,0.079249
100,3,0.05,0.7,5,0.078678
500,3,0.2,0.7,5,0.086643
200,6,0.1,0.8,10,0.078853
200,5,0.1,0.5,10,0.082048
200,4,0.01,0.6,10,0.082265
100,4,0.01,0.8,10,0.112479
200,4,0.01,0.7,2,0.082314
500,4,0.2,0.5,5,0.087017
500,5,0.2,0.6,2,0.084201
100,4,0.2,0.6,2,0.082786
300,5,0.05,0.6,10,0.079492
100,4,0.05,0.8,5,0.077047
300,6,0.05,0.6,10,0.07905
100,5,0.1,0.7,10,0.07958
100,5,0.1,0.8,10,0.079859
300,5,0.01,0.7,2,0.076649
300,6,0.1,0.8,5,0.079614
100,6,0.1,0.5,5,0.081445
500,6,0.2,0.8,10,0.081357
300,6,0.05,0.5,2,0.07854
300,4,0.01,0.5,5,0.076431
500,4,0.2,0.5,10,0.086828
500,3,0.1,0.5,10,0.079627
200,3,0.05,0.5,5,0.077582
200,5,0.1,0.7,5,0.081331
500,4,0.05,0.8,2,0.078452
500,6,0.2,0.7,10,0.082627
300,4,0.05,0.6,5,0.080199
300,6,0.01,0.5,5,0.076728
300,4,0.1,0.7,2,0.081079
100,5,0.1,0.6,2,0.079462
200,4,0.05,0.5,5,0.077844
200,3,0.2,0.5,10,0.084657
500,4,0.01,0.7,10,0.076463
200,6,0.01,0.8,5,0.081766
100,3,0.05,0.8,2,0.077895
200,3,0.2,0.7,5,0.083521
500,6,0.05,0.6,10,0.079587
100,3,0.01,0.7,5,0.115201
100,4,0.1,0.5,2,0.077961
100,4,0.05,0.5,2,0.077467
500,4,0.2,0.7,10,0.081791
100,4,0.05,0.8,2,0.07721
500,4,0.2,0.7,5,0.08154
200,6,0.01,0.5,10,0.081023
500,6,0.05,0.7,5,0.080112
300,5,0.2,0.8,5,0.082533
200,4,0.01,0.6,2,0.082316
200,4,0.2,0.8,2,0.080479
500,3,0.01,0.8,10,0.077288
200,3,0.1,0.6,2,0.080914
100,5,0.2,0.6,2,0.082165
300,5,0.01,0.6,5,0.077105
200,4,0.01,0.7,10,0.082305
500,3,0.01,0.8,2,0.077325
300,3,0.1,0.7,10,0.080357
200,3,0.01,0.5,10,0.084388
100,5,0.01,0.5,2,0.110585
500,6,0.01,0.5,5,0.076402
300,4,0.01,0.8,2,0.076797
200,6,0.1,0.5,10,0.08418
500,3,0.01,0.5,5,0.076918
300,3,0.2,0.5,2,0.085417
300,4,0.2,0.8,5,0.080102
100,4,0.01,0.7,5,0.112241
100,5,0.01,0.6,5,0.111178
100,4,0.05,0.5,10,0.078036
300,3,0.1,0.6,5,0.080383
200,6,0.01,0.8,10,0.081514
100,5,0.05,0.6,2,0.077333
200,4,0.05,0.5,10,0.078882
500,5,0.1,0.7,10,0.080397
500,4,0.01,0.6,2,0.076576
500,6,0.05,0.6,5,0.078418
100,5,0.2,0.8,10,0.081971
500,4,0.01,0.8,5,0.076398
100,6,0.2,0.7,5,0.080899
500,3,0.2,0.8,5,0.084102
500,5,0.01,0.6,5,0.077037
200,4,0.05,0.6,2,0.079045
100,4,0.1,0.6,10,0.079807
300,4,0.05,0.8,2,0.077663
300,6,0.01,0.6,5,0.077319
100,4,0.01,0.6,2,0.112085
100,3,0.05,0.6,2,0.076933
500,6,0.1,0.7,2,0.078771
200,4,0.01,0.5,10,0.081593
100,4,0.2,0.5,5,0.084206
200,3,0.05,0.6,5,0.077489
300,6,0.05,0.6,5,0.078299
500,5,0.1,0.8,2,0.080657
100,5,0.05,0.5,5,0.076085
300,4,0.01,0.8,5,0.076824
500,4,0.1,0.6,2,0.080184
300,6,0.2,0.6,5,0.085023
500,6,0.1,0.7,5,0.079971
100,4,0.2,0.5,2,0.081571
300,5,0.2,0.8,2,0.081638
100,3,0.01,0.5,5,0.11513
200,3,0.01,0.7,5,0.085076
500,5,0.01,0.7,5,0.076441
300,4,0.2,0.7,2,0.083444
300,3,0.05,0.6,10,0.078046
300,5,0.05,0.6,2,0.078079
200,3,0.2,0.6,5,0.082103
500,5,0.01,0.5,5,0.076487
500,3,0.01,0.5,2,0.076932
200,6,0.05,0.7,10,0.079511
200,6,0.2,0.5,10,0.085865
300,5,0.05,0.5,10,0.078417
500,5,0.05,0.8,5,0.078819
300,6,0.1,0.5,5,0.082287
500,6,0.01,0.5,2,0.076986
200,4,0.01,0.8,2,0.082259
100,4,0.1,0.7,5,0.079796
100,5,0.01,0.5,5,0.110598
100,6,0.01,0.7,5,0.110299
300,6,0.01,0.5,2,0.077016
100,3,0.1,0.6,10,0.078738
500,5,0.1,0.6,2,0.080922
200,6,0.2,0.6,5,0.084788
200,4,0.2,0.5,5,0.084636
100,3,0.1,0.7,5,0.078751
300,6,0.2,0.7,5,0.081549
100,6,0.05,0.6,5,0.077308
500,4,0.01,0.6,5,0.076646
500,6,0.2,0.8,2,0.0849
200,5,0.01,0.8,10,0.081413
200,4,0.01,0.6,5,0.082324
500,4,0.01,0.5,10,0.076287
