date,tmin,tmax
2018-07-21,24.0,32.0
2018-07-22,23.0,31.0
2018-07-23,23.0,31.0
2018-07-24,19.0,32.0
2018-07-25,22.0,30.0
2018-07-26,20.0,30.5
2018-07-27,19.0,32.7
2018-07-28,20.0,31.0
2018-07-29,18.0,36.0
2018-07-30,17.0,31.0
2018-07-31,17.0,31.0
2018-08-01,17.0,32.1
2018-08-02,20.0,32.0
2018-08-03,21.0,31.2
2018-08-04,22.0,32.0
2018-08-05,22.0,33.0
2018-08-06,22.0,33.6
2018-08-07,21.0,34.0
2018-08-08,19.0,35.0
2018-08-09,19.7,33.5
2018-08-10,22.0,33.0
2018-08-11,24.0,34.0
2018-08-12,22.0,35.0
2018-08-13,20.0,36.0
2018-08-14,22.0,33.0
2018-08-15,20.0,31.0
2018-08-16,19.0,31.1
2018-08-17,20.0,31.0
2018-08-18,21.0,31.0
2018-08-19,21.0,31.0
2018-08-20,19.0,31.0
2018-08-21,19.0,31.0
2018-08-22,19.0,31.0
2018-08-23,19.0,32.0
2018-08-24,19.0,31.2
2018-08-25,18.0,36.7
2018-08-26,19.0,33.0
2018-08-27,18.0,32.1
2018-08-28,18.0,33.1
2018-08-29,18.7,33.0
2018-08-30,21.7,30.1
2018-08-31,19.7,33.1
2018-09-01,20.0,32.2
2018-09-02,20.0,33.0
2018-09-03,19.0,36.2
2018-09-04,23.0,32.0
2018-09-05,24.0,31.0
2018-09-06,21.0,31.0
2018-09-07,23.6,29.0
2018-09-08,21.0,30.0
2018-09-09,24.0,30.0
2018-09-10,23.0,30.0
2018-09-11,22.0,32.0
2018-09-12,23.0,30.0
2018-09-13,21.8,28.2
2018-09-14,20.5,30.0
2018-09-15,20.5,30.0
2018-09-16,20.3,31.6
2018-09-17,22.0,33.0
2018-09-18,19.0,33.4
2018-09-19,19.8,31.0
2018-09-20,22.0,28.4
2018-09-21,17.6,29.2
2018-09-22,16.3,31.0
2018-09-23,17.0,32.0
2018-09-24,16.0,31.4
2018-09-25,16.7,29.2
2018-09-26,16.4,28.0
2018-09-27,17.0,27.5
2018-09-28,13.0,26.5
2018-09-29,11.0,26.0
2018-09-30,12.0,28.5
2018-10-01,17.3,27.0
2018-10-02,16.0,24.2
2018-10-03,15.3,24.4
2018-10-04,15.0,25.0
2018-10-05,15.4,26.0
2018-10-06,12.6,27.4
2018-10-07,13.0,30.0
2018-10-08,17.4,24.1
2018-10-09,14.9,26.6
2018-10-10,18.0,29.9
2018-10-11,16.7,30.0
2018-10-12,17.0,28.1
2018-10-13,14.4,28.6
2018-10-14,14.4,32.9
2018-10-15,16.7,26.0
2018-10-16,12.9,24.0
2018-10-17,16.4,22.5
2018-10-18,17.5,23.0
2018-10-19,17.0,25.0
2018-10-20,16.6,27.7
2018-10-21,13.8,28.4
2018-10-22,16.5,25.2
2018-10-23,15.0,23.6
2018-10-24,13.7,23.5
2018-10-25,9.2,24.7
2018-10-26,10.0,30.0
2018-10-27,16.0,25.0
2018-10-28,12.0,19.0
2018-10-29,8.0,15.0
2018-10-30,10.7,21.0
2018-10-31,10.0,20.2
2018-11-01,10.0,21.5
2018-11-02,12.6,19.0
2018-11-03,12.7,18.2
2018-11-04,10.0,20.0
2018-11-05,6.7,25.0
2018-11-06,11.0,20.2
2018-11-07,6.0,23.0
2018-11-08,6.7,24.0
2018-11-09,12.0,18.0
2018-11-10,11.0,20.0
2018-11-11,8.0,23.6
2018-11-12,19.5,26.0
2018-11-13,16.0,24.1
2018-11-14,13.0,24.0
2018-11-15,15.0,23.5
2018-11-16,12.0,22.1
2018-11-17,9.7,19.7
2018-11-18,10.0,21.5
2018-11-19,15.0,21.0
2018-11-20,12.6,21.0
2018-11-21,10.0,23.0
2018-11-22,9.1,25.0
2018-11-23,14.0,25.0
2018-11-24,13.0,16.0
2018-11-25,10.0,20.0
2018-11-26,13.0,20.0
2018-11-27,9.0,18.0
2018-11-28,5.0,20.0
2018-11-29,3.0,21.0
2018-11-30,4.0,21.0
2018-12-01,8.7,17.0
2018-12-02,7.5,19.0
2018-12-03,6.5,23.0
2018-12-04,6.6,24.0
2018-12-05,6.0,25.0
2018-12-06,7.2,20.2
2018-12-07,9.0,18.6
2018-12-08,9.0,17.6
2018-12-09,5.0,20.0
2018-12-10,5.0,19.0
2018-12-11,4.0,18.0
2018-12-12,6.0,19.0
2018-12-13,6.1,19.0
2018-12-14,9.0,15.0
2018-12-15,8.0,16.2
2018-12-16,6.5,24.0
2018-12-17,7.0,18.0
2018-12-18,2.0,20.5
2018-12-19,4.0,19.0
2018-12-20,8.7,18.2
2018-12-21,7.0,18.2
2018-12-22,3.7,20.0
2018-12-23,3.0,21.0
2018-12-24,3.2,21.0
2018-12-25,3.0,19.0
2018-12-26,4.7,18.0
2018-12-27,3.0,17.0
2018-12-28,11.0,17.0
2018-12-29,6.0,17.0
2018-12-30,4.5,16.2
2018-12-31,5.0,16.2
2019-01-01,5.0,17.0
2019-01-02,3.5,18.0
2019-01-03,6.0,15.0
2019-01-04,4.0,15.0
2019-01-05,4.6,15.2
2019-01-06,1.7,18.0
2019-01-07,2.0,17.0
2019-01-08,0.0,15.0
2019-01-09,3.0,16.0
2019-01-10,6.0,11.0
2019-01-11,5.0,10.0
2019-01-12,5.0,13.0
2019-01-13,2.0,15.1
2019-01-14,1.0,17.1
2019-01-15,1.0,17.0
2019-01-16,1.0,18.0
2019-01-17,3.0,17.0
2019-01-18,7.0,14.5
2019-01-19,5.0,15.0
2019-01-20,3.0,13.0
2019-01-21,7.0,12.1
2019-01-22,6.0,12.7
2019-01-23,7.7,15.0
2019-01-24,6.0,14.5
2019-01-25,4.7,14.6
2019-01-26,6.0,18.0
2019-01-27,4.0,20.1
2019-01-28,9.0,16.1
2019-01-29,9.0,16.0
2019-01-30,9.0,16.0
2019-01-31,7.0,19.0
2019-02-01,13.0,22.0
2019-02-02,10.0,14.0
2019-02-03,6.0,12.0
2019-02-04,5.0,13.0
2019-02-05,3.0,15.0
2019-02-06,3.0,18.0
2019-02-07,4.0,20.2
2019-02-08,4.0,19.0
2019-02-09,4.0,20.0
2019-02-10,4.5,21.0
2019-02-11,9.0,16.6
2019-02-12,7.0,15.5
2019-02-13,2.9,17.0
2019-02-14,1.0,22.0
2019-02-15,1.0,21.0
2019-02-16,1.0,18.1
2019-02-17,4.6,22.0
2019-02-18,6.0,22.0
2019-02-19,3.6,20.0
2019-02-20,3.0,18.0
2019-02-21,2.7,15.0
2019-02-22,3.0,16.1
2019-02-23,2.1,18.2
2019-02-24,6.0,16.1
2019-02-25,4.0,15.5
2019-02-26,4.0,17.0
2019-02-27,2.5,17.0
2019-02-28,1.0,19.0
2019-03-01,1.5,21.7
2019-03-02,4.7,20.0
2019-03-03,5.0,20.1
2019-03-04,3.7,24.2
2019-03-05,5.0,21.0
2019-03-06,5.7,30.0
2019-03-07,13.0,20.0
2019-03-08,12.0,16.0
2019-03-09,10.0,19.0
2019-03-10,8.0,18.0
2019-03-11,6.0,19.0
2019-03-12,3.7,21.0
2019-03-13,6.9,23.1
2019-03-14,7.5,17.2
2019-03-15,2.0,20.1
2019-03-16,3.6,24.7
2019-03-17,6.7,25.0
2019-03-18,6.7,17.7
2019-03-19,5.0,16.0
2019-03-20,8.0,13.0
2019-03-21,8.0,15.0
2019-03-22,11.0,15.5
2019-03-23,9.0,18.0
2019-03-24,6.0,22.6
2019-03-25,9.0,22.5
2019-03-26,8.0,26.0
2019-03-27,3.2,17.0
2019-03-28,7.0,17.0
2019-03-29,4.0,18.2
2019-03-30,7.7,22.0
2019-03-31,16.0,21.0
2019-04-01,13.0,18.7
2019-04-02,11.2,21.0
2019-04-03,10.0,23.2
2019-04-04,9.7,19.2
2019-04-05,9.7,19.0
2019-04-06,10.0,18.1
2019-04-07,9.0,16.5
2019-04-08,6.0,21.0
2019-04-09,9.0,20.2
2019-04-10,10.0,19.7
2019-04-11,8.0,18.7
2019-04-12,6.0,20.0
2019-04-13,6.0,21.0
2019-04-14,5.0,25.0
2019-04-15,7.0,25.0
2019-04-16,13.0,22.2
2019-04-17,9.0,23.0
2019-04-18,17.0,25.1
2019-04-19,12.5,19.0
2019-04-20,14.0,17.0
2019-04-21,13.0,18.0
2019-04-22,14.0,19.0
2019-04-23,11.0,26.0
2019-04-24,12.0,21.0
2019-04-25,10.0,24.5
2019-04-26,11.0,21.1
2019-04-27,7.0,21.0
2019-04-28,6.0,23.0
2019-04-29,7.0,22.0
2019-04-30,8.0,21.1
2019-05-01,7.0,24.2
2019-05-02,11.0,25.0
2019-05-03,16.0,20.0
2019-05-04,11.0,19.6
2019-05-05,7.0,21.0
2019-05-06,9.0,23.0
2019-05-07,9.0,26.0
2019-05-08,11.0,29.0
2019-05-09,14.0,27.1
2019-05-10,13.0,27.0
2019-05-11,14.2,28.0
2019-05-12,14.0,23.0
2019-05-13,9.0,22.0
2019-05-14,8.0,22.0
2019-05-15,8.0,27.5
2019-05-16,10.0,25.0
2019-05-17,13.0,26.7
2019-05-18,13.0,24.0
2019-05-19,11.0,23.0
2019-05-20,9.0,25.5
2019-05-21,12.0,26.0
2019-05-22,13.0,25.0
2019-05-23,11.0,27.2
2019-05-24,10.0,28.0
2019-05-25,15.0,23.0
2019-05-26,15.5,22.0
2019-05-27,12.0,26.5
2019-05-28,12.6,30.0
2019-05-29,15.0,24.0
2019-05-30,10.0,24.0
2019-05-31,11.0,24.0
2019-06-01,10.0,26.0
2019-06-02,11.7,28.0
2019-06-03,13.0,26.0
2019-06-04,14.0,27.0
2019-06-05,15.2,31.0
2019-06-06,15.0,26.2
2019-06-07,17.0,28.5
2019-06-08,17.0,38.2
2019-06-09,18.0,26.0
2019-06-10,15.0,26.0
2019-06-11,14.0,27.0
2019-06-12,13.0,27.0
2019-06-13,16.0,29.2
2019-06-14,20.0,29.0
2019-06-15,17.0,28.0
2019-06-16,16.0,27.0
2019-06-17,20.0,27.0
2019-06-18,16.0,29.1
2019-06-19,19.7,29.0
2019-06-20,19.0,29.0
2019-06-21,18.0,29.0
2019-06-22,18.7,28.0
2019-06-23,18.0,29.0
2019-06-24,21.2,29.0
2019-06-25,18.0,29.0
2019-06-26,19.0,29.5
2019-06-27,18.0,30.0
2019-06-28,17.0,34.0
2019-06-29,20.0,36.6
2019-06-30,19.0,33.0
2019-07-01,21.0,30.0
2019-07-02,21.0,29.0
2019-07-03,20.0,30.0
2019-07-04,22.7,34.0
2019-07-05,24.0,34.5
2019-07-06,23.5,38.0
2019-07-07,27.0,42.0
2019-07-08,23.0,42.0
2019-07-09,20.0,33.1
2019-07-10,21.0,31.0
2019-07-11,21.0,31.0
2019-07-12,18.0,33.0
2019-07-13,20.5,34.0
2019-07-14,21.0,34.0
2019-07-15,19.0,32.0
2019-07-16,20.0,32.1
2019-07-17,19.0,34.1
2019-07-18,23.0,31.0
2019-07-19,19.0,34.0
2019-07-20,24.0,37.7
2019-07-21,21.0,34.0
2019-07-22,20.0,34.0
2019-07-23,20.0,37.1
2019-07-24,19.2,34.0
2019-07-25,20.0,34.0
2019-07-26,22.9,31.2
2019-07-27,20.0,35.0
2019-07-28,19.5,31.0
2019-07-29,19.7,33.0
2019-07-30,22.0,31.0
2019-07-31,24.0,33.1
2019-08-01,27.7,38.1
2019-08-02,25.0,33.0
2019-08-03,24.7,32.0
2019-08-04,25.2,32.0
2019-08-05,24.0,32.0
2019-08-06,25.0,34.2
2019-08-07,25.0,38.0
2019-08-08,25.0,36.0
2019-08-09,21.0,38.1
2019-08-10,22.7,39.7
2019-08-11,24.0,34.0
2019-08-12,23.0,36.0
2019-08-13,24.0,32.0
2019-08-14,21.0,31.2
2019-08-15,16.0,33.0
2019-08-16,17.0,33.0
2019-08-17,19.0,36.0
2019-08-18,22.0,36.6
2019-08-19,23.5,32.0
2019-08-20,20.0,32.0
2019-08-21,25.7,31.0
2019-08-22,23.0,30.0
2019-08-23,17.0,30.5
2019-08-24,20.6,30.0
2019-08-25,22.6,30.0
2019-08-26,21.7,32.2
2019-08-27,25.0,39.0
2019-08-28,23.0,30.0
2019-08-29,18.7,31.0
2019-08-30,21.0,32.0
2019-08-31,20.0,31.0
2019-09-01,19.0,31.0
2019-09-02,18.0,31.0
2019-09-03,20.0,31.0
2019-09-04,17.0,30.1
2019-09-05,18.0,30.0
2019-09-06,17.0,30.0
2019-09-07,21.0,28.5
2019-09-08,21.0,31.0
2019-09-09,18.1,30.0
2019-09-10,18.0,34.0
2019-09-11,15.0,26.0
2019-09-12,17.0,27.0
2019-09-13,20.7,30.0
2019-09-14,23.7,35.0
2019-09-15,22.0,37.0
2019-09-16,23.0,30.0
2019-09-17,22.0,28.7
2019-09-18,20.5,29.1
2019-09-19,22.0,28.0
2019-09-20,22.0,29.6
2019-09-21,23.0,33.0
2019-09-22,22.0,29.0
2019-09-23,18.0,29.1
2019-09-24,17.7,28.5
2019-09-25,15.7,31.0
2019-09-26,16.1,29.2
2019-09-27,15.5,30.1
2019-09-28,16.0,29.2
2019-09-29,16.0,30.2
2019-09-30,14.7,31.0
2019-10-01,14.0,31.5
2019-10-02,17.0,29.0
2019-10-03,18.0,27.1
2019-10-04,14.0,27.7
2019-10-05,12.0,30.0
2019-10-06,12.6,28.0
2019-10-07,16.5,25.0
2019-10-08,13.2,26.0
2019-10-09,12.0,28.5
2019-10-10,12.7,28.5
2019-10-11,12.2,31.0
2019-10-12,15.2,33.0
2019-10-13,21.0,34.0
2019-10-14,15.0,35.1
2019-10-15,17.0,25.7
2019-10-16,12.0,24.7
2019-10-17,13.0,27.0
2019-10-18,13.2,26.7
2019-10-19,13.7,28.2
2019-10-20,15.7,33.0
2019-10-21,18.0,21.1
2019-10-22,16.0,29.0
2019-10-23,13.0,22.0
2019-10-24,10.2,19.0
2019-10-25,13.0,22.2
2019-10-26,14.7,21.0
2019-10-27,15.0,24.0
2019-10-28,14.0,24.0
2019-10-29,12.0,24.0
2019-10-30,10.7,24.1
2019-10-31,13.5,26.0
2019-11-01,18.0,26.0
2019-11-02,17.8,28.0
2019-11-03,19.6,26.0
2019-11-04,15.6,27.0
2019-11-05,15.0,23.0
2019-11-06,12.0,21.1
2019-11-07,8.0,22.0
2019-11-08,10.7,17.0
2019-11-09,11.0,19.2
2019-11-10,9.0,14.0
2019-11-11,8.7,16.0
2019-11-12,11.0,16.0
2019-11-13,8.2,20.0
2019-11-14,9.5,22.0
2019-11-15,7.7,17.0
2019-11-16,6.7,14.6
2019-11-17,8.0,16.5
2019-11-18,10.0,16.0
2019-11-19,6.0,17.0
2019-11-20,4.0,18.0
2019-11-21,9.0,20.0
2019-11-22,9.0,22.0
2019-11-23,13.0,19.7
2019-11-24,11.5,18.0
2019-11-25,9.0,20.0
2019-11-26,12.0,21.7
2019-11-27,10.0,24.0
2019-11-28,11.0,21.8
2019-11-29,7.0,22.0
2019-11-30,7.0,23.0
2019-12-01,8.7,20.2
2019-12-02,9.0,20.6
2019-12-03,11.0,19.0
2019-12-04,12.0,17.0
2019-12-05,7.0,20.0
2019-12-06,9.0,23.0
2019-12-07,7.0,22.0
2019-12-08,11.0,16.2
2019-12-09,7.8,19.1
2019-12-10,9.0,17.0
2019-12-11,6.6,19.0
2019-12-12,9.0,17.2
2019-12-13,13.7,19.2
2019-12-14,9.0,21.0
2019-12-15,6.0,19.0
2019-12-16,8.7,21.0
2019-12-17,14.0,22.0
2019-12-18,11.2,16.2
2019-12-19,5.0,19.5
2019-12-20,7.0,22.6
2019-12-21,19.0,23.5
2019-12-22,15.0,22.5
2019-12-23,10.0,19.0
2019-12-24,5.0,22.6
2019-12-25,4.0,23.0
2019-12-26,6.0,19.0
2019-12-27,5.0,17.5
2019-12-28,4.0,18.0
2019-12-29,5.0,17.5
2019-12-30,5.0,16.0
2019-12-31,4.0,16.0
2020-01-01,1.0,17.0
2020-01-02,1.0,17.0
2020-01-03,1.0,17.0
2020-01-04,7.0,15.0
2020-01-05,2.0,17.0
2020-01-06,1.6,17.0
2020-01-07,3.0,13.6
2020-01-08,8.0,16.0
2020-01-09,7.0,17.0
2020-01-10,9.7,14.2
2020-01-11,9.0,16.0
2020-01-12,8.0,13.0
2020-01-13,6.0,15.2
2020-01-14,1.0,17.0
2020-01-15,0.0,17.1
2020-01-16,1.6,17.0
2020-01-17,2.0,19.0
2020-01-18,4.5,19.0
2020-01-19,7.0,17.5
2020-01-20,11.0,14.0
2020-01-21,8.0,18.2
2020-01-22,8.0,21.0
2020-01-23,5.0,18.0
2020-01-24,3.0,21.0
2020-01-25,4.6,23.0
2020-01-26,8.7,18.0
2020-01-27,7.0,18.1
2020-01-28,5.0,20.0
2020-01-29,7.0,20.1
2020-01-30,5.0,20.0
2020-01-31,5.7,20.6
2020-02-01,5.0,21.0
2020-02-02,7.0,21.5
2020-02-03,6.0,23.0
2020-02-04,6.9,24.0
2020-02-05,6.0,15.0
2020-02-06,2.0,17.5
2020-02-07,2.0,21.1
2020-02-08,10.0,20.0
2020-02-09,8.0,19.5
2020-02-10,5.0,23.0
2020-02-11,4.0,25.2
2020-02-12,4.0,22.0
2020-02-13,7.0,19.0
2020-02-14,8.0,19.6
2020-02-15,5.0,20.2
2020-02-16,10.0,19.0
2020-02-17,7.0,18.0
2020-02-18,13.0,18.5
2020-02-19,7.0,18.0
2020-02-20,2.2,19.0
2020-02-21,4.0,19.0
2020-02-22,3.0,19.0
2020-02-23,3.0,20.0
2020-02-24,2.0,23.0
2020-02-25,4.7,25.0
2020-02-26,7.0,20.0
2020-02-27,7.0,22.0
2020-02-28,6.7,22.0
2020-02-29,7.0,25.0
2020-03-01,8.0,24.0
2020-03-02,8.0,24.0
2020-03-03,10.0,20.0
2020-03-04,13.0,22.0
2020-03-05,7.5,24.1
2020-03-06,10.0,20.0
2020-03-07,9.0,16.0
2020-03-08,4.0,19.0
2020-03-09,6.0,20.0
2020-03-10,8.7,18.0
2020-03-11,6.0,23.0
2020-03-12,7.0,29.0
2020-03-13,14.0,25.7
2020-03-14,12.0,19.0
2020-03-15,7.7,21.5
2020-03-16,14.0,18.5
2020-03-17,14.0,20.0
2020-03-18,15.0,19.1
2020-03-19,13.0,21.0
2020-03-20,11.0,21.1
2020-03-21,14.0,18.0
2020-03-22,9.5,20.0
2020-03-23,8.0,20.1
2020-03-24,12.7,17.2
2020-03-25,9.0,13.2
2020-03-26,6.0,17.2
2020-03-27,9.0,17.0
2020-03-28,6.0,18.0
2020-03-29,8.0,18.1
2020-03-30,4.7,21.5
2020-03-31,14.0,28.0
2020-04-01,12.0,21.0
2020-04-02,10.0,20.0
2020-04-03,11.0,16.0
2020-04-04,8.0,19.0
2020-04-05,7.0,21.0
2020-04-06,8.0,20.6
2020-04-07,7.6,20.7
2020-04-08,7.0,21.0
2020-04-09,9.7,22.0
2020-04-10,11.5,19.0
2020-04-11,9.0,21.2
2020-04-12,13.7,24.0
2020-04-13,15.0,28.6
2020-04-14,14.0,21.0
2020-04-15,13.0,25.0
2020-04-16,13.0,22.1
2020-04-17,15.0,24.0
2020-04-18,17.0,31.0
2020-04-19,16.0,22.0
2020-04-20,15.7,21.0
2020-04-21,12.0,21.0
2020-04-22,11.0,18.0
2020-04-23,13.0,19.0
2020-04-24,10.0,22.0
2020-04-25,15.0,23.0
2020-04-26,15.0,20.5
2020-04-27,10.0,24.0
2020-04-28,15.0,22.5
2020-04-29,11.0,23.0
2020-04-30,10.5,25.5
2020-05-01,10.0,25.5
2020-05-02,13.0,27.0
2020-05-03,12.0,31.0
2020-05-04,13.0,32.0
2020-05-05,16.0,29.7
2020-05-06,16.0,25.0
2020-05-07,17.0,25.0
2020-05-08,16.0,27.2
2020-05-09,19.0,27.1
2020-05-10,16.1,23.0
2020-05-11,14.0,26.2
2020-05-12,11.0,35.0
2020-05-13,15.0,25.0
2020-05-14,13.0,24.0
2020-05-15,10.0,24.6
2020-05-16,16.0,22.0
2020-05-17,16.0,21.1
2020-05-18,15.0,23.1
2020-05-19,12.0,26.2
2020-05-20,11.0,30.0
2020-05-21,13.0,30.1
2020-05-22,12.0,32.0
2020-05-23,12.0,31.7
2020-05-24,15.0,28.0
2020-05-25,14.7,26.0
2020-05-26,13.0,25.1
2020-05-27,14.0,26.0
2020-05-28,16.0,28.0
2020-05-29,16.0,26.0
2020-05-30,16.0,25.0
2020-05-31,12.0,29.2
2020-06-01,17.6,27.0
2020-06-02,14.0,28.0
2020-06-03,15.0,27.0
2020-06-04,14.5,32.0
2020-06-05,16.0,27.1
2020-06-06,14.5,31.0
2020-06-07,20.0,30.5
2020-06-08,17.2,27.2
2020-06-09,17.6,26.0
2020-06-10,13.0,27.0
2020-06-11,13.0,29.0
2020-06-12,17.0,30.0
2020-06-13,17.0,27.0
2020-06-14,12.0,26.0
2020-06-15,14.0,29.5
2020-06-16,13.0,29.1
2020-06-17,14.0,27.1
2020-06-18,17.0,29.1
2020-06-19,20.0,29.0
2020-06-20,15.0,29.7
2020-06-21,15.0,32.0
2020-06-22,15.0,30.0
2020-06-23,17.2,29.6
2020-06-24,16.0,31.0
2020-06-25,20.0,33.0
2020-06-26,23.0,28.0
2020-06-27,20.0,30.0
2020-06-28,17.7,30.0
2020-06-29,17.0,31.2
2020-06-30,19.0,36.5
2020-07-01,23.0,34.0
2020-07-02,18.0,36.0
2020-07-03,20.0,30.0
2020-07-04,20.0,30.2
2020-07-05,15.0,30.0
2020-07-06,14.0,31.0
2020-07-07,17.0,34.2
2020-07-08,19.0,32.0
2020-07-09,18.0,35.0
2020-07-10,21.0,31.0
2020-07-11,23.0,32.0
2020-07-12,21.0,31.0
2020-07-13,22.7,31.5
2020-07-14,22.2,30.0
2020-07-15,22.0,31.0
2020-07-16,17.0,30.0
2020-07-17,17.0,29.0
2020-07-18,18.0,29.2
2020-07-19,16.0,32.0
2020-07-20,14.0,34.0
2020-07-21,17.0,33.2
2020-07-22,21.7,36.0
2020-07-23,24.0,32.0
2020-07-24,23.0,31.0
2020-07-25,18.0,35.2
2020-07-26,20.0,37.0
2020-07-27,19.0,34.0
2020-07-28,20.0,31.0
2020-07-29,22.5,33.0
2020-07-30,22.2,35.0
2020-07-31,22.0,34.0
2020-08-01,23.0,35.0
2020-08-02,22.5,37.0
2020-08-03,24.0,33.0
2020-08-04,24.0,32.0
2020-08-05,18.0,32.6
2020-08-06,15.0,30.1
2020-08-07,15.0,32.0
2020-08-08,16.0,33.1
2020-08-09,18.0,34.7
2020-08-10,17.0,37.0
2020-08-11,18.0,40.0
2020-08-12,25.0,36.0
2020-08-13,25.0,31.5
2020-08-14,23.0,32.6
2020-08-15,24.0,32.0
2020-08-16,22.0,34.0
2020-08-17,20.0,32.0
2020-08-18,20.0,32.0
2020-08-19,20.0,33.0
2020-08-20,23.0,33.7
2020-08-21,23.0,34.0
2020-08-22,24.0,35.0
2020-08-23,21.0,32.6
2020-08-24,22.0,32.0
2020-08-25,19.0,34.1
2020-08-26,18.0,34.1
2020-08-27,18.0,33.0
2020-08-28,20.0,34.0
2020-08-29,18.6,37.7
2020-08-30,23.7,27.2
2020-08-31,20.0,29.0
2020-09-01,12.0,31.0
2020-09-02,21.0,29.0
2020-09-03,17.0,29.2
2020-09-04,16.0,30.0
2020-09-05,16.6,29.1
2020-09-06,17.2,29.0
2020-09-07,16.0,29.2
2020-09-08,20.0,26.5
2020-09-09,19.0,27.0
2020-09-10,21.0,29.0
2020-09-11,20.0,28.1
2020-09-12,16.0,30.0
2020-09-13,17.0,30.1
2020-09-14,17.5,31.0
2020-09-15,17.0,31.0
2020-09-16,17.0,31.0
2020-09-17,19.0,32.0
2020-09-18,22.2,32.0
2020-09-19,22.0,31.0
2020-09-20,18.0,29.0
2020-09-21,18.2,28.0
2020-09-22,16.0,29.0
2020-09-23,18.0,31.5
2020-09-24,17.0,32.0
2020-09-25,19.0,31.0
2020-09-26,16.0,25.0
2020-09-27,15.0,25.2
2020-09-28,11.0,28.0
2020-09-29,12.0,30.0
2020-09-30,19.0,27.0
2020-10-01,18.7,28.0
2020-10-02,14.0,31.0
2020-10-03,13.0,23.0
2020-10-04,9.0,26.0
2020-10-05,16.0,26.0
2020-10-06,14.0,25.0
2020-10-07,11.0,29.0
2020-10-08,12.5,27.0
2020-10-09,12.2,28.0
2020-10-10,18.0,25.0
2020-10-11,16.0,25.0
2020-10-12,12.0,22.0
2020-10-13,8.7,24.0
2020-10-14,10.0,27.5
2020-10-15,14.0,22.0
2020-10-16,9.0,24.0
2020-10-17,8.6,24.0
2020-10-18,8.0,24.0
2020-10-19,7.5,26.0
2020-10-20,11.0,33.0
2020-10-21,21.6,30.0
2020-10-22,21.6,30.0
2020-10-23,17.0,25.0
2020-10-24,15.0,24.5
2020-10-25,11.2,25.0
2020-10-26,11.0,23.0
2020-10-27,10.7,21.2
2020-10-28,8.7,23.0
2020-10-29,8.7,24.4
2020-10-30,8.0,24.5
2020-10-31,8.0,25.0
2020-11-01,8.0,24.0
2020-11-02,7.2,25.0
2020-11-03,8.0,27.7
2020-11-04,12.6,25.0
2020-11-05,18.2,28.7
2020-11-06,24.1,29.2
2020-11-07,20.0,28.0
2020-11-08,12.5,26.7
2020-11-09,14.0,24.2
2020-11-10,16.0,21.0
2020-11-11,13.0,23.1
2020-11-12,10.0,27.0
2020-11-13,16.0,28.0
2020-11-14,13.0,24.0
2020-11-15,15.0,23.0
2020-11-16,12.6,27.0
2020-11-17,11.0,21.0
2020-11-18,8.5,21.5
2020-11-19,7.7,21.0
2020-11-20,9.7,19.0
2020-11-21,9.5,18.0
2020-11-22,9.0,17.0
2020-11-23,6.0,18.1
2020-11-24,4.0,19.0
2020-11-25,4.6,21.0
2020-11-26,8.0,23.0
2020-11-27,15.0,21.0
2020-11-28,11.0,15.0
2020-11-29,13.5,17.0
2020-11-30,8.0,21.0
2020-12-01,6.7,20.0
2020-12-02,10.6,15.6
2020-12-03,5.0,17.2
2020-12-04,6.0,19.1
2020-12-05,8.7,13.0
2020-12-06,9.0,15.0
2020-12-07,7.7,17.0
2020-12-08,11.0,18.0
2020-12-09,9.0,15.0
2020-12-10,9.0,17.2
2020-12-11,15.0,20.0
2020-12-12,13.0,19.0
2020-12-13,9.0,19.2
2020-12-14,6.0,26.0
2020-12-15,10.0,23.0
2020-12-16,8.0,23.5
2020-12-17,9.0,20.0
2020-12-18,10.0,17.2
2020-12-19,11.5,17.0
2020-12-20,12.5,18.0
2020-12-21,9.0,17.0
2020-12-22,4.7,19.0
2020-12-23,4.0,22.0
2020-12-24,5.0,19.2
2020-12-25,7.1,17.0
2020-12-26,8.0,13.0
2020-12-27,4.0,15.0
2020-12-28,3.0,18.1
2020-12-29,9.0,15.0
2020-12-30,6.0,14.2
2020-12-31,1.7,16.0
2021-01-01,3.5,14.0
2021-01-02,5.0,12.0
2021-01-03,5.5,11.2
2021-01-04,2.0,15.0
2021-01-05,5.1,12.0
2021-01-06,6.0,13.0
2021-01-07,9.0,17.2
2021-01-08,10.0,17.7
2021-01-09,10.7,21.0
2021-01-10,6.0,16.0
2021-01-11,5.7,11.2
2021-01-12,6.7,13.0
2021-01-13,6.0,16.0
2021-01-14,3.6,15.0
2021-01-15,8.0,15.2
2021-01-16,7.0,15.0
2021-01-17,1.0,17.0
2021-01-18,1.7,17.0
2021-01-19,3.0,19.0
2021-01-20,3.0,22.0
2021-01-21,10.0,20.0
2021-01-22,10.5,23.0
2021-01-23,12.0,17.0
2021-01-24,11.4,20.1
2021-01-25,9.0,20.0
2021-01-26,8.7,18.0
2021-01-27,11.0,21.0
2021-01-28,9.0,23.0
2021-01-29,9.0,26.0
2021-01-30,8.0,25.5
2021-01-31,14.0,18.0
2021-02-01,14.0,20.0
2021-02-02,9.2,21.1
2021-02-03,4.1,24.5
2021-02-04,9.2,25.0
2021-02-05,18.0,28.0
2021-02-06,13.0,24.6
2021-02-07,10.5,17.0
2021-02-08,12.0,19.6
2021-02-09,8.0,22.0
2021-02-10,11.0,20.0
2021-02-11,12.0,21.0
2021-02-12,7.0,23.0
2021-02-13,8.0,18.1
2021-02-14,7.5,17.2
2021-02-15,3.0,15.2
2021-02-16,1.0,22.0
2021-02-17,2.0,21.0
2021-02-18,3.0,26.0
2021-02-19,4.0,19.0
2021-02-20,6.0,26.0
2021-02-21,19.0,27.0
2021-02-22,11.0,18.0
2021-02-23,10.0,16.0
2021-02-24,7.0,19.0
2021-02-25,5.5,19.6
2021-02-26,6.0,19.0
2021-02-27,9.0,16.0
2021-02-28,4.0,22.2
2021-03-01,11.0,19.0
2021-03-02,14.0,21.0
2021-03-03,12.7,18.0
2021-03-04,11.0,18.7
2021-03-05,9.0,19.0
2021-03-06,5.7,20.2
2021-03-07,12.0,21.0
2021-03-08,12.0,19.0
2021-03-09,9.7,16.0
2021-03-10,5.0,17.2
2021-03-11,4.0,20.0
2021-03-12,4.0,22.0
2021-03-13,5.7,20.0
2021-03-14,6.0,20.0
2021-03-15,4.5,19.0
2021-03-16,3.0,18.0
2021-03-17,5.0,19.7
2021-03-18,7.0,18.0
2021-03-19,9.5,16.0
2021-03-20,8.7,13.0
2021-03-21,8.0,14.5
2021-03-22,7.0,15.0
2021-03-23,2.6,18.0
2021-03-24,3.2,20.0
2021-03-25,5.7,21.0
2021-03-26,5.0,25.0
2021-03-27,11.0,21.5
2021-03-28,8.2,24.7
2021-03-29,10.5,29.1
2021-03-30,9.0,23.0
2021-03-31,8.5,24.5
2021-04-01,9.0,30.7
2021-04-02,15.0,22.0
2021-04-03,9.2,21.5
2021-04-04,12.7,18.0
2021-04-05,11.0,18.5
2021-04-06,7.0,24.2
2021-04-07,8.0,19.0
2021-04-08,8.2,17.1
2021-04-09,11.0,26.0
2021-04-10,17.0,23.0
2021-04-11,12.6,22.0
2021-04-12,9.2,21.0
2021-04-13,10.7,19.0
2021-04-14,12.7,17.0
2021-04-15,13.7,17.2
2021-04-16,10.0,15.0
2021-04-17,9.0,16.5
2021-04-18,6.0,17.5
2021-04-19,4.0,21.7
2021-04-20,9.0,22.5
2021-04-21,11.0,21.1
2021-04-22,13.0,20.0
2021-04-23,13.0,19.7
2021-04-24,11.0,22.1
2021-04-25,15.0,30.2
2021-04-26,15.0,26.0
2021-04-27,13.0,24.0
2021-04-28,11.0,25.0
2021-04-29,12.0,25.0
2021-04-30,14.0,21.7
2021-05-01,14.0,22.5
2021-05-02,11.0,23.1
2021-05-03,14.0,22.0
2021-05-04,16.7,22.1
2021-05-05,16.0,22.5
2021-05-06,15.0,20.5
2021-05-07,10.0,27.2
2021-05-08,11.0,31.0
2021-05-09,22.0,31.0
2021-05-10,18.0,24.0
2021-05-11,14.0,22.2
2021-05-12,8.0,23.5
2021-05-13,9.5,25.0
2021-05-14,12.5,25.1
2021-05-15,10.0,29.0
2021-05-16,15.0,30.0
2021-05-17,14.0,30.0
2021-05-18,15.0,27.9
2021-05-19,14.0,24.0
2021-05-20,16.0,24.0
2021-05-21,11.0,32.0
2021-05-22,17.0,27.5
2021-05-23,18.0,26.0
2021-05-24,15.0,24.0
2021-05-25,11.0,25.0
2021-05-26,17.0,23.5
2021-05-27,18.0,22.1
2021-05-28,16.0,24.0
2021-05-29,15.0,23.2
2021-05-30,14.0,25.5
2021-05-31,16.6,31.0
2021-06-01,20.9,33.7
2021-06-02,19.0,27.2
2021-06-03,18.6,27.5
2021-06-04,20.0,24.0
2021-06-05,18.0,26.0
2021-06-06,18.0,25.5
2021-06-07,16.0,26.6
2021-06-08,13.0,32.0
2021-06-09,15.0,31.0
2021-06-10,14.0,31.2
2021-06-11,15.0,32.5
2021-06-12,19.0,29.7
2021-06-13,17.0,28.0
2021-06-14,20.0,30.5
2021-06-15,21.0,35.0
2021-06-16,21.5,30.5
2021-06-17,21.0,33.0
2021-06-18,18.0,29.0
2021-06-19,20.0,28.0
2021-06-20,20.0,27.7
2021-06-21,18.0,30.0
2021-06-22,16.0,27.5
2021-06-23,17.0,27.5
2021-06-24,16.0,27.2
2021-06-25,23.0,28.0
2021-06-26,19.7,27.1
2021-06-27,19.0,27.5
2021-06-28,18.0,30.0
2021-06-29,18.0,29.0
2021-06-30,22.0,28.5
2021-07-01,18.0,31.0
2021-07-02,19.6,28.0
2021-07-03,19.0,32.0
2021-07-04,22.0,36.0
2021-07-05,18.0,33.5
2021-07-06,22.5,35.6
2021-07-07,24.0,31.0
2021-07-08,23.0,29.2
2021-07-09,24.6,29.5
2021-07-10,22.0,31.0
2021-07-11,22.0,38.0
2021-07-12,23.7,38.0
2021-07-13,23.0,29.0
2021-07-14,18.0,28.5
2021-07-15,18.0,29.0
2021-07-16,18.0,29.0
2021-07-17,17.0,31.5
2021-07-18,18.0,30.5
2021-07-19,20.0,31.0
2021-07-20,18.0,31.0
2021-07-21,19.0,36.0
2021-07-22,20.5,37.0
2021-07-23,21.0,33.7
2021-07-24,23.0,37.0
2021-07-25,25.0,33.5
2021-07-26,22.0,29.0
2021-07-27,23.0,30.0
2021-07-28,21.0,30.0
2021-07-29,26.0,32.0
2021-07-30,24.0,33.0
2021-07-31,26.0,35.1
2021-08-01,24.0,28.5
2021-08-02,23.0,30.0
2021-08-03,24.0,28.1
2021-08-04,23.0,30.5
2021-08-05,21.0,33.0
2021-08-06,21.0,35.0
2021-08-07,21.0,35.0
2021-08-08,23.0,32.0
2021-08-09,23.0,31.7
2021-08-10,23.4,32.0
2021-08-11,22.5,36.2
2021-08-12,23.0,39.5
2021-08-13,25.0,37.0
2021-08-14,24.0,35.5
2021-08-15,23.0,40.0
2021-08-16,23.2,34.0
2021-08-17,25.0,30.0
2021-08-18,22.0,30.0
2021-08-19,20.0,32.0
2021-08-20,23.0,30.5
2021-08-21,21.7,33.7
2021-08-22,21.6,32.5
2021-08-23,23.0,33.7
2021-08-24,23.0,31.2
2021-08-25,23.0,32.0
2021-08-26,23.0,30.5
2021-08-27,19.0,32.0
2021-08-28,20.7,33.0
2021-08-29,20.7,31.0
2021-08-30,21.7,31.5
2021-08-31,23.0,32.0
2021-09-01,26.0,35.0
2021-09-02,25.0,31.0
2021-09-03,23.5,30.0
2021-09-04,22.5,30.0
2021-09-05,19.7,31.0
2021-09-06,18.0,31.0
2021-09-07,21.0,34.5
2021-09-08,23.0,35.2
2021-09-09,20.5,32.0
2021-09-10,21.2,30.0
2021-09-11,20.7,31.0
2021-09-12,18.7,33.0
2021-09-13,18.5,33.0
2021-09-14,23.0,41.0
2021-09-15,25.0,34.0
2021-09-16,24.6,28.5
2021-09-17,23.0,29.0
2021-09-18,22.0,28.0
2021-09-19,19.2,29.0
2021-09-20,21.0,29.0
2021-09-21,20.0,25.7
2021-09-22,19.0,30.0
2021-09-23,21.0,30.8
2021-09-24,23.0,30.5
2021-09-25,24.0,31.2
2021-09-26,23.0,26.5
2021-09-27,21.0,27.0
2021-09-28,16.0,29.0
2021-09-29,17.0,28.0
2021-09-30,15.0,28.0
2021-10-01,16.1,28.0
2021-10-02,16.1,28.1
2021-10-03,15.7,30.0
2021-10-04,19.0,27.0
2021-10-05,15.0,25.1
2021-10-06,12.7,26.0
2021-10-07,16.1,27.0
2021-10-08,12.7,26.0
2021-10-09,12.6,25.5
2021-10-10,12.7,25.2
2021-10-11,14.5,26.5
2021-10-12,13.5,24.0
2021-10-13,10.5,24.0
2021-10-14,14.0,23.0
2021-10-15,10.5,24.5
2021-10-16,12.0,25.2
2021-10-17,15.0,24.5
2021-10-18,13.5,25.5
2021-10-19,10.0,26.0
2021-10-20,11.0,31.0
2021-10-21,16.0,26.6
2021-10-22,13.0,26.5
2021-10-23,15.0,24.0
2021-10-24,15.2,22.0
2021-10-25,15.0,22.0
2021-10-26,11.7,23.5
2021-10-27,14.0,23.0
2021-10-28,11.0,22.2
2021-10-29,11.7,25.0
2021-10-30,13.0,28.0
2021-10-31,17.1,28.5
2021-11-01,20.0,27.7
2021-11-02,18.0,24.0
2021-11-03,15.0,23.0
2021-11-04,12.0,20.0
2021-11-05,11.0,16.0
2021-11-06,10.0,13.5
2021-11-07,11.6,17.0
2021-11-08,12.0,16.0
2021-11-09,11.0,14.0
2021-11-10,13.6,18.0
2021-11-11,13.0,21.0
2021-11-12,10.0,19.6
2021-11-13,14.0,19.0
2021-11-14,12.0,18.0
2021-11-15,11.6,16.0
2021-11-16,12.0,17.5
2021-11-17,13.0,16.0
2021-11-18,11.0,18.0
2021-11-19,9.0,21.0
2021-11-20,11.7,23.0
2021-11-21,14.0,20.0
2021-11-22,12.0,18.2
2021-11-23,7.5,22.0
2021-11-24,11.7,18.0
2021-11-25,9.5,17.0
2021-11-26,10.0,16.6
2021-11-27,10.0,16.0
2021-11-28,8.0,12.0
2021-11-29,10.2,16.6
2021-11-30,9.0,17.0
2021-12-01,7.0,18.0
2021-12-02,8.5,14.5
2021-12-03,8.0,13.0
2021-12-04,5.5,17.2
2021-12-05,10.0,16.0
2021-12-06,9.0,15.0
2021-12-07,7.0,20.0
2021-12-08,8.0,19.0
2021-12-09,10.0,15.5
2021-12-10,11.0,18.0
2021-12-11,10.0,17.0
2021-12-12,7.0,17.0
2021-12-13,3.0,17.0
2021-12-14,2.5,17.0
2021-12-15,2.0,16.0
2021-12-16,3.0,17.0
2021-12-17,1.0,17.0
2021-12-18,6.0,18.0
2021-12-19,4.0,16.0
2021-12-20,4.0,18.0
2021-12-21,5.0,21.0
2021-12-22,5.0,19.0
2021-12-23,6.6,19.0
2021-12-24,7.0,23.0
2021-12-25,10.0,22.0
2021-12-26,11.6,19.0
2021-12-27,12.5,22.0
2021-12-28,14.0,21.2
2021-12-29,9.0,21.0
2021-12-30,5.0,19.0
2021-12-31,3.0,17.2
2022-01-01,7.0,16.0
2022-01-02,6.0,17.0
2022-01-03,6.0,14.0
2022-01-04,3.0,21.0
2022-01-05,9.0,17.6
2022-01-06,7.7,11.0
2022-01-07,5.0,12.0
2022-01-08,4.0,15.0
2022-01-09,7.0,17.0
2022-01-10,11.6,17.0
2022-01-11,5.6,14.4
2022-01-12,4.5,14.0
2022-01-13,6.2,13.6
2022-01-14,2.0,16.0
2022-01-15,1.0,16.0
2022-01-16,1.0,15.0
2022-01-17,0.0,16.0
2022-01-18,0.0,16.0
2022-01-19,0.0,18.0
2022-01-20,2.2,15.2
2022-01-21,1.0,16.0
2022-01-22,3.0,14.0
2022-01-23,1.0,17.0
2022-01-24,2.0,17.0
2022-01-25,2.0,17.0
2022-01-26,5.0,20.0
2022-01-27,2.0,19.0
2022-01-28,1.0,18.0
2022-01-29,0.0,16.2
2022-01-30,0.6,16.0
2022-01-31,0.7,18.7
2022-02-01,8.0,14.0
2022-02-02,6.7,19.5
2022-02-03,3.5,26.7
2022-02-04,4.2,21.2
2022-02-05,4.0,19.0
2022-02-06,6.1,17.0
2022-02-07,4.5,17.0
2022-02-08,4.0,16.0
2022-02-09,1.0,19.0
2022-02-10,4.0,18.0
2022-02-11,5.0,16.5
2022-02-12,7.0,16.0
2022-02-13,4.0,18.0
2022-02-14,3.0,19.2
2022-02-15,8.7,16.2
2022-02-16,5.0,18.0
2022-02-17,4.0,20.0
2022-02-18,3.0,23.0
2022-02-19,9.0,18.6
2022-02-20,8.0,17.0
2022-02-21,5.0,18.0
2022-02-22,3.6,18.5
2022-02-23,4.0,19.7
2022-02-24,8.0,23.0
2022-02-25,7.0,17.0
2022-02-26,10.0,16.1
2022-02-27,9.0,13.5
2022-02-28,8.0,13.2
2022-03-01,3.5,15.0
2022-03-02,1.7,18.0
2022-03-03,6.0,19.0
2022-03-04,10.0,16.0
2022-03-05,9.7,16.0
2022-03-06,8.0,16.0
2022-03-07,4.0,17.0
2022-03-08,8.5,15.0
2022-03-09,9.0,17.0
2022-03-10,6.0,23.0
2022-03-11,7.7,19.2
2022-03-12,11.0,18.0
2022-03-13,7.7,20.0
2022-03-14,13.0,26.0
2022-03-15,22.0,26.0
2022-03-16,14.0,24.1
2022-03-17,11.7,16.0
2022-03-18,10.0,17.0
2022-03-19,11.0,16.1
2022-03-20,12.0,18.0
2022-03-21,13.0,22.0
2022-03-22,13.6,20.0
2022-03-23,14.0,17.5
2022-03-24,15.0,22.0
2022-03-25,15.5,19.0
2022-03-26,14.7,19.0
2022-03-27,12.0,18.0
2022-03-28,8.0,19.0
2022-03-29,15.5,26.5
2022-03-30,13.7,18.0
2022-03-31,11.0,18.0
2022-04-01,9.0,16.0
2022-04-02,6.0,15.4
2022-04-03,3.0,14.0
2022-04-04,8.0,15.1
2022-04-05,12.0,18.2
2022-04-06,12.0,16.0
2022-04-07,8.5,21.0
2022-04-08,8.2,24.0
2022-04-09,9.5,21.7
2022-04-10,8.0,22.0
2022-04-11,13.0,30.0
2022-04-12,15.0,23.7
2022-04-13,12.6,15.0
2022-04-14,11.8,18.0
2022-04-15,15.0,17.5
2022-04-16,13.0,20.0
2022-04-17,8.0,24.0
2022-04-18,7.7,23.1
2022-04-19,9.4,26.3
2022-04-20,14.0,21.0
2022-04-21,11.0,16.7
2022-04-22,10.4,23.5
2022-04-23,11.0,23.4
2022-04-24,9.8,21.1
2022-04-25,9.3,21.0
2022-04-26,10.5,23.4
2022-04-27,14.0,20.0
2022-04-28,13.8,16.0
2022-04-29,13.9,18.3
2022-04-30,12.0,20.3
2022-05-01,7.8,24.1
2022-05-02,10.5,26.2
2022-05-03,13.2,21.2
2022-05-04,16.0,23.0
2022-05-05,14.0,17.3
2022-05-06,13.0,21.6
2022-05-07,10.0,22.0
2022-05-08,8.5,24.2
2022-05-09,9.0,24.4
2022-05-10,9.9,22.9
2022-05-11,10.0,24.0
2022-05-12,11.1,32.0
2022-05-13,15.4,26.3
2022-05-14,14.5,25.5
2022-05-15,13.7,28.0
2022-05-16,17.8,25.0
2022-05-17,15.6,26.1
2022-05-18,14.0,27.5
2022-05-19,12.0,30.4
2022-05-20,13.0,35.0
2022-05-21,13.0,35.3
2022-05-22,14.8,37.4
2022-05-23,16.4,32.1
2022-05-24,14.5,29.7
2022-05-25,16.0,23.5
2022-05-26,14.8,23.0
2022-05-27,15.0,25.7
2022-05-28,13.3,29.6
2022-05-29,15.4,34.3
2022-05-30,18.0,32.0
2022-05-31,17.8,28.2
2022-06-01,18.8,27.2
2022-06-02,19.8,28.0
2022-06-03,19.6,27.7
2022-06-04,18.1,30.5
2022-06-05,18.0,29.2
2022-06-06,19.4,29.7
2022-06-07,20.9,28.1
2022-06-08,16.4,31.1
2022-06-09,17.7,28.8
2022-06-10,17.9,28.7
2022-06-11,13.8,27.1
2022-06-12,14.2,31.0
2022-06-13,14.0,33.1
2022-06-14,17.8,39.1
2022-06-15,18.0,35.7
2022-06-16,18.5,34.7
2022-06-17,16.8,36.4
2022-06-18,17.6,35.8
2022-06-19,17.9,33.3
2022-06-20,21.5,32.9
2022-06-21,20.5,32.8
2022-06-22,21.6,29.5
2022-06-23,22.0,30.6
2022-06-24,21.0,28.5
2022-06-25,17.1,28.2
2022-06-26,19.0,29.9
2022-06-27,18.6,29.8
2022-06-28,17.7,28.6
2022-06-29,18.0,29.5
2022-06-30,22.0,28.5
2022-07-01,24.0,30.3
2022-07-02,23.7,32.8
2022-07-03,26.4,34.7
2022-07-04,23.4,33.5
2022-07-05,23.8,38.3
2022-07-06,24.5,33.0
2022-07-07,25.0,30.7
2022-07-08,20.8,30.6
2022-07-09,17.7,30.1
2022-07-10,17.7,32.2
2022-07-11,15.0,31.9
2022-07-12,21.0,33.5
2022-07-13,23.0,30.0
2022-07-14,17.0,34.0
2022-07-15,17.7,32.4
2022-07-16,18.0,32.0
2022-07-17,20.8,32.5
2022-07-18,18.5,31.6
2022-07-19,22.0,31.0
2022-07-20,20.0,31.5
2022-07-21,19.0,31.2
2022-07-22,21.7,31.3
2022-07-23,22.6,32.0
2022-07-24,22.0,32.1
2022-07-25,21.0,32.2
2022-07-26,21.5,35.4
2022-07-27,22.3,32.5
2022-07-28,21.0,32.1
2022-07-29,20.3,33.2
2022-07-30,24.0,32.0
2022-07-31,23.0,34.4
2022-08-01,23.6,33.0
2022-08-02,19.0,33.0
2022-08-03,18.9,32.8
2022-08-04,19.9,32.0
2022-08-05,22.0,32.2
2022-08-06,20.0,32.3
2022-08-07,18.4,33.4
2022-08-08,18.0,33.4
2022-08-09,20.2,33.0
2022-08-10,20.0,33.0
2022-08-11,19.1,34.7
2022-08-12,18.8,34.6
2022-08-13,20.7,43.1
2022-08-14,27.0,40.8
2022-08-15,26.0,39.2
2022-08-16,23.7,33.8
2022-08-17,21.7,34.0
2022-08-18,20.9,32.2
2022-08-19,21.9,30.7
2022-08-20,16.6,31.2
2022-08-21,16.4,33.2
2022-08-22,19.0,33.1
2022-08-23,19.6,32.5
2022-08-24,19.4,34.0
2022-08-25,19.0,33.3
2022-08-26,23.0,32.0
2022-08-27,21.8,31.3
2022-08-28,21.5,33.0
2022-08-29,23.0,37.0
2022-08-30,27.0,38.4
2022-08-31,25.4,32.4
2022-09-01,21.5,35.1
2022-09-02,25.2,36.5
2022-09-03,24.4,37.9
2022-09-04,26.0,32.8
2022-09-05,23.4,31.9
2022-09-06,24.0,33.3
2022-09-07,24.6,38.8
2022-09-08,21.6,33.0
2022-09-09,20.0,32.0
2022-09-10,18.8,32.1
2022-09-11,19.0,34.0
2022-09-12,22.6,40.2
2022-09-13,24.3,39.2
2022-09-14,26.0,32.7
2022-09-15,23.9,32.5
2022-09-16,20.8,28.9
2022-09-17,19.0,29.2
2022-09-18,23.0,29.6
2022-09-19,20.8,29.5
2022-09-20,22.0,28.7
2022-09-21,19.4,29.7
2022-09-22,20.0,26.5
2022-09-23,18.0,27.7
2022-09-24,15.6,36.0
2022-09-25,20.0,27.0
2022-09-26,19.0,28.5
2022-09-27,17.0,28.0
2022-09-28,14.0,28.0
2022-09-29,14.0,28.7
2022-09-30,16.0,25.1
2022-10-01,14.7,26.0
2022-10-02,13.0,30.0
2022-10-03,18.0,32.0
2022-10-04,19.0,26.2
2022-10-05,15.0,25.6
2022-10-06,16.2,29.0
2022-10-07,21.0,30.5
2022-10-08,18.6,31.5
2022-10-09,17.2,29.1
2022-10-10,17.0,29.0
2022-10-11,18.9,27.0
2022-10-12,18.7,26.0
2022-10-13,17.9,26.1
2022-10-14,15.7,25.5
2022-10-15,12.8,31.5
2022-10-16,18.5,28.0
2022-10-17,17.2,33.0
2022-10-18,19.0,32.0
2022-10-19,17.0,36.0
2022-10-20,15.7,34.0
2022-10-21,16.0,32.0
2022-10-22,17.2,37.0
2022-10-23,21.4,35.0
2022-10-24,19.0,34.1
2022-10-25,15.0,34.0
2022-10-26,13.8,34.1
2022-10-27,14.1,32.2
2022-10-28,12.0,31.7
2022-10-29,13.0,29.0
2022-10-30,17.0,26.1
2022-10-31,13.0,28.0
2022-11-01,15.0,30.0
2022-11-02,14.0,26.0
2022-11-03,15.6,26.0
2022-11-04,14.0,25.7
2022-11-05,11.0,21.0
2022-11-06,6.9,24.4
2022-11-07,7.4,25.1
2022-11-08,11.0,25.0
2022-11-09,11.5,24.0
2022-11-10,14.7,24.0
2022-11-11,14.5,27.1
2022-11-12,15.0,28.0
2022-11-13,11.0,25.0
2022-11-14,12.3,24.2
2022-11-15,10.0,25.6
2022-11-16,15.0,23.1
2022-11-17,15.6,26.0
2022-11-18,14.0,23.2
2022-11-19,11.0,18.0
2022-11-20,10.0,18.0
2022-11-21,11.0,22.2
2022-11-22,12.0,20.0
2022-11-23,13.0,23.2
2022-11-24,13.0,23.9
2022-11-25,10.9,21.7
2022-11-26,11.0,18.5
2022-11-27,7.0,19.0
2022-11-28,3.0,20.0
2022-11-29,11.0,16.5
2022-11-30,9.6,18.1
2022-12-01,6.6,19.0
2022-12-02,10.0,19.0
2022-12-03,10.0,17.0
2022-12-04,5.0,24.0
2022-12-05,14.0,24.0
2022-12-06,15.0,23.0
2022-12-07,12.0,18.9
2022-12-08,8.0,22.0
2022-12-09,16.1,24.0
2022-12-10,13.0,20.0
2022-12-11,11.0,20.0
2022-12-12,18.0,23.0
2022-12-13,18.3,25.5
2022-12-14,16.8,26.0
2022-12-15,14.0,22.2
2022-12-16,11.0,19.1
2022-12-17,11.0,20.0
2022-12-18,7.2,19.0
2022-12-19,6.0,23.0
2022-12-20,6.0,22.0
2022-12-21,7.0,20.6
2022-12-22,11.0,20.0
2022-12-23,8.2,21.0
2022-12-24,7.0,26.0
2022-12-25,6.0,27.0
2022-12-26,10.0,26.0
2022-12-27,6.0,22.0
2022-12-28,5.0,25.0
2022-12-29,6.0,19.0
2022-12-30,5.5,21.0
2022-12-31,5.0,23.0
2023-01-01,5.0,25.0
2023-01-02,7.0,23.0
2023-01-03,5.0,20.0
2023-01-04,6.0,18.0
2023-01-05,5.0,17.1
2023-01-06,3.0,19.0
2023-01-07,1.7,18.0
2023-01-08,3.0,22.0
2023-01-09,17.4,22.0
2023-01-10,11.0,20.0
2023-01-11,6.2,20.0
2023-01-12,9.0,18.6
2023-01-13,7.0,17.5
2023-01-14,7.5,19.0
2023-01-15,3.0,20.4
2023-01-16,8.7,19.2
2023-01-17,15.0,20.0
2023-01-18,8.2,17.0
2023-01-19,5.3,14.6
2023-01-20,6.0,16.0
2023-01-21,4.0,13.0
2023-01-22,4.0,9.0
2023-01-23,3.0,10.0
2023-01-24,2.9,11.6
2023-01-25,5.6,10.0
2023-01-26,6.0,10.0
2023-01-27,6.0,12.0
2023-01-28,6.0,13.0
2023-01-29,6.0,11.2
2023-01-30,5.6,12.2
2023-01-31,2.0,15.0
2023-02-01,0.7,15.0
2023-02-02,2.0,15.0
2023-02-03,6.0,13.0
2023-02-04,8.0,16.0
2023-02-05,5.0,15.7
2023-02-06,10.0,15.2
2023-02-07,5.0,16.7
2023-02-08,5.4,15.0
2023-02-09,7.0,13.0
2023-02-10,6.0,13.0
2023-02-11,3.5,14.0
2023-02-12,2.0,16.0
2023-02-13,2.0,16.0
2023-02-14,2.6,20.0
2023-02-15,11.0,18.0
2023-02-16,7.0,20.2
2023-02-17,5.0,18.0
2023-02-18,4.0,20.5
2023-02-19,4.7,23.0
2023-02-20,6.0,23.0
2023-02-21,7.0,27.3
2023-02-22,7.0,20.0
2023-02-23,12.6,19.0
2023-02-24,11.0,20.7
2023-02-25,11.0,16.5
2023-02-26,7.0,14.0
2023-02-27,7.0,13.3
2023-02-28,4.6,11.0
2023-03-01,7.0,13.7
2023-03-02,4.0,14.0
2023-03-03,7.0,14.4
2023-03-04,5.7,14.7
2023-03-05,1.9,18.0
2023-03-06,8.6,18.6
2023-03-07,7.0,19.6
2023-03-08,9.5,23.3
2023-03-09,10.0,24.0
2023-03-10,12.8,22.4
2023-03-11,11.8,25.0
2023-03-12,11.5,23.4
2023-03-13,9.0,29.0
2023-03-14,12.0,21.0
2023-03-15,5.0,21.0
2023-03-16,5.0,22.0
2023-03-17,8.2,21.0
2023-03-18,11.0,18.0
2023-03-19,12.7,18.0
2023-03-20,10.0,18.0
2023-03-21,6.5,19.0
2023-03-22,4.0,21.0
2023-03-23,4.6,24.1
2023-03-24,8.0,24.0
2023-03-25,7.6,23.3
2023-03-26,8.0,26.0
2023-03-27,11.0,20.5
2023-03-28,6.2,20.0
2023-03-29,5.2,24.0
2023-03-30,9.0,23.7
2023-03-31,9.0,28.4
2023-04-01,10.3,23.9
2023-04-02,10.0,18.1
2023-04-03,5.7,19.0
2023-04-04,4.0,19.0
2023-04-05,4.0,19.0
2023-04-06,5.7,20.0
2023-04-07,4.0,19.5
2023-04-08,4.0,22.0
2023-04-09,5.0,22.0
2023-04-10,6.7,23.0
2023-04-11,7.7,28.0
2023-04-12,9.2,31.0
2023-04-13,11.0,20.0
2023-04-14,7.0,23.1
2023-04-15,10.0,22.0
2023-04-16,10.0,19.0
2023-04-17,6.0,20.1
2023-04-18,8.4,20.9
2023-04-19,7.0,20.2
2023-04-20,11.0,20.0
2023-04-21,8.5,22.0
2023-04-22,11.7,24.0
2023-04-23,12.5,24.8
2023-04-24,10.7,26.0
2023-04-25,9.0,28.0
2023-04-26,10.0,30.0
2023-04-27,11.0,34.0
2023-04-28,13.0,34.3
2023-04-29,20.0,32.5
2023-04-30,18.0,24.1
2023-05-01,17.0,24.2
2023-05-02,10.0,26.5
2023-05-03,10.0,24.1
2023-05-04,10.0,26.0
2023-05-05,12.0,25.2
2023-05-06,18.5,27.0
2023-05-07,16.0,22.0
2023-05-08,15.0,23.2
2023-05-09,11.0,27.0
2023-05-10,13.2,25.0
2023-05-11,12.0,24.0
2023-05-12,13.0,22.5
2023-05-13,15.9,19.0
2023-05-14,13.8,20.0
2023-05-15,13.0,22.0
2023-05-16,12.9,23.9
2023-05-17,10.0,22.1
2023-05-18,13.0,21.2
2023-05-19,13.0,19.0
2023-05-20,14.0,20.5
2023-05-21,9.0,23.3
2023-05-22,15.0,23.0
2023-05-23,18.0,23.5
2023-05-24,17.0,23.6
2023-05-25,15.0,21.4
2023-05-26,13.0,25.0
2023-05-27,16.5,31.3
2023-05-28,17.6,23.7
2023-05-29,18.0,23.0
2023-05-30,14.0,22.1
2023-05-31,15.8,23.7
2023-06-01,13.0,25.0
2023-06-02,14.4,25.2
2023-06-03,16.7,22.7
2023-06-04,15.0,25.0
2023-06-05,15.8,24.8
2023-06-06,14.2,25.0
2023-06-07,16.0,25.0
2023-06-08,19.6,27.3
2023-06-09,20.0,25.2
2023-06-10,18.0,27.0
2023-06-11,17.0,30.1
2023-06-12,16.0,28.0
2023-06-13,21.0,26.0
2023-06-14,18.0,27.0
2023-06-15,18.0,27.0
2023-06-16,16.0,31.0
2023-06-17,17.0,31.0
2023-06-18,20.0,37.0
2023-06-19,24.0,36.0
2023-06-20,21.0,27.0
2023-06-21,20.4,28.6
2023-06-22,21.0,28.0
2023-06-23,21.7,28.0
2023-06-24,19.0,30.0
2023-06-25,18.0,30.0
2023-06-26,16.0,30.2
2023-06-27,17.0,34.0
2023-06-28,16.0,37.5
2023-06-29,17.0,31.0
2023-06-30,19.8,31.2
2023-07-01,20.0,29.0
2023-07-02,18.0,30.0
2023-07-03,19.0,31.9
2023-07-04,19.0,32.5
2023-07-05,19.4,32.3
2023-07-06,22.0,31.2
2023-07-07,24.0,31.0
2023-07-08,25.0,31.6
2023-07-09,24.0,32.6
2023-07-10,31.5,43.6
2023-07-11,31.0,47.0
2023-07-12,24.9,39.8
2023-07-13,25.5,34.7
2023-07-14,25.0,32.1
2023-07-15,23.5,32.6
2023-07-16,25.9,33.5
2023-07-17,22.0,43.0
2023-07-18,22.0,46.0
2023-07-19,22.0,37.0
2023-07-20,22.5,37.0
2023-07-21,25.4,36.4
2023-07-22,27.5,34.0
2023-07-23,26.5,49.0
2023-07-24,29.0,44.1
2023-07-25,26.0,34.6
2023-07-26,23.4,33.2
2023-07-27,22.7,34.1
2023-07-28,26.0,31.0
2023-07-29,25.0,32.0
2023-07-30,25.0,32.1
2023-07-31,24.2,32.7
2023-08-01,22.0,32.0
2023-08-02,20.8,36.0
2023-08-03,21.0,35.7
2023-08-04,22.6,32.4
2023-08-05,18.0,29.0
2023-08-06,15.4,31.0
2023-08-07,17.0,30.0
2023-08-08,19.5,32.0
2023-08-09,20.1,32.8
2023-08-10,19.8,36.6
2023-08-11,22.0,33.3
2023-08-12,21.0,31.0
2023-08-13,20.0,32.4
2023-08-14,19.0,34.0
2023-08-15,21.7,33.0
2023-08-16,23.7,37.0
2023-08-17,24.8,34.1
2023-08-18,24.5,35.2
2023-08-19,21.0,36.0
2023-08-20,21.0,32.0
2023-08-21,22.0,31.2
2023-08-22,21.0,34.0
2023-08-23,21.2,36.0
2023-08-24,21.0,32.0
2023-08-25,22.0,31.0
2023-08-26,19.0,38.0
2023-08-27,24.0,35.4
2023-08-28,19.0,28.0
2023-08-29,17.7,31.0
2023-08-30,17.0,30.0
2023-08-31,19.3,30.1
2023-09-01,18.0,31.2
2023-09-02,22.0,28.2
2023-09-03,24.5,41.0
2023-09-04,25.7,36.7
2023-09-05,23.0,29.0
2023-09-06,24.0,29.0
2023-09-07,18.0,29.0
2023-09-08,18.0,29.0
2023-09-09,16.0,30.0
2023-09-10,19.7,31.0
2023-09-11,24.0,31.2
2023-09-12,23.0,29.0
2023-09-13,23.0,30.0
2023-09-14,22.7,31.0
2023-09-15,22.8,38.1
2023-09-16,22.0,37.0
2023-09-17,25.7,36.1
2023-09-18,24.7,31.0
2023-09-19,22.0,27.7
2023-09-20,22.0,29.7
2023-09-21,18.5,29.0
2023-09-22,17.0,30.0
2023-09-23,18.0,27.0
2023-09-24,12.7,27.2
2023-09-25,13.0,27.3
2023-09-26,13.0,27.0
2023-09-27,14.0,27.0
2023-09-28,15.3,27.0
2023-09-29,16.0,27.2
2023-09-30,15.5,27.6
2023-10-01,15.0,31.0
2023-10-02,15.7,31.0
2023-10-03,18.0,28.0
2023-10-04,18.4,27.3
2023-10-05,17.0,29.0
2023-10-06,14.6,31.2
2023-10-07,14.7,28.0
2023-10-08,14.7,27.0
2023-10-09,15.0,27.1
2023-10-10,15.5,28.0
2023-10-11,16.0,28.0
2023-10-12,18.0,29.0
2023-10-13,15.6,31.0
2023-10-14,14.0,29.0
2023-10-15,17.1,28.6
2023-10-16,15.2,28.0
2023-10-17,17.0,37.0
2023-10-18,20.5,30.0
2023-10-19,16.9,33.1
2023-10-20,19.0,25.3
2023-10-21,16.0,25.5
2023-10-22,15.0,31.7
2023-10-23,22.0,30.0
2023-10-24,17.0,25.0
2023-10-25,15.0,25.1
2023-10-26,15.4,28.6
2023-10-27,18.0,27.0
2023-10-28,15.2,24.0
2023-10-29,14.0,25.0
2023-10-30,16.0,25.2
2023-10-31,16.6,22.3
2023-11-01,16.0,26.0
2023-11-02,14.0,29.6
2023-11-03,16.0,23.0
2023-11-04,13.8,25.0
2023-11-05,13.6,23.3
2023-11-06,12.0,22.0
2023-11-07,13.0,20.4
2023-11-08,9.2,20.7
2023-11-09,13.0,23.0
2023-11-10,9.0,23.1
2023-11-11,12.0,25.2
2023-11-12,12.3,24.9
2023-11-13,9.5,25.5
2023-11-14,8.7,27.8
2023-11-15,9.7,25.0
2023-11-16,9.6,24.5
2023-11-17,9.0,24.5
2023-11-18,9.2,21.4
2023-11-19,8.0,26.5
2023-11-20,9.0,26.0
2023-11-21,14.0,20.0
2023-11-22,10.7,15.0
2023-11-23,11.0,17.0
2023-11-24,12.0,18.0
2023-11-25,7.0,19.7
2023-11-26,7.0,20.0
2023-11-27,7.1,21.0
2023-11-28,11.0,21.0
2023-11-29,8.8,23.0
2023-11-30,9.0,27.0
2023-12-01,13.0,27.4
2023-12-02,12.0,19.0
2023-12-03,8.0,18.0
2023-12-04,6.0,19.6
2023-12-05,12.7,18.1
2023-12-06,10.6,15.0
2023-12-07,5.0,20.0
2023-12-08,10.0,20.0
2023-12-09,9.0,18.0
2023-12-10,7.0,21.0
2023-12-11,8.0,24.1
2023-12-12,7.0,26.0
2023-12-13,11.5,24.3
2023-12-14,11.0,17.9
2023-12-15,9.5,16.5
2023-12-16,10.8,16.3
2023-12-17,8.3,14.0
2023-12-18,5.8,15.3
2023-12-19,11.0,15.0
2023-12-20,8.0,17.1
2023-12-21,8.0,17.0
2023-12-22,6.0,18.0
2023-12-23,4.0,18.2
2023-12-24,4.0,19.0
2023-12-25,3.4,18.9
2023-12-26,3.0,18.0
2023-12-27,4.0,16.0
2023-12-28,5.9,19.4
2023-12-29,6.2,23.0
2023-12-30,9.0,18.0
2023-12-31,4.7,19.5
2024-01-01,8.0,15.1
2024-01-02,7.0,19.1
2024-01-03,5.0,23.0
2024-01-04,5.5,23.0
2024-01-05,10.0,17.0
2024-01-06,9.7,15.0
2024-01-07,9.0,14.6
2024-01-08,7.5,15.0
2024-01-09,3.6,17.0
2024-01-10,9.0,15.0
2024-01-11,10.0,14.0
2024-01-12,6.0,15.0
2024-01-13,1.0,17.0
2024-01-14,4.0,24.4
2024-01-15,13.2,21.0
2024-01-16,12.2,24.2
2024-01-17,9.2,27.0
2024-01-18,12.8,23.0
2024-01-19,9.8,23.0
2024-01-20,12.0,17.0
2024-01-21,1.2,15.5
2024-01-22,7.1,16.0
2024-01-23,3.0,18.0
2024-01-24,4.5,20.5
2024-01-25,6.3,26.0
2024-01-26,6.0,27.0
2024-01-27,5.7,22.6
2024-01-28,5.0,22.3
2024-01-29,9.0,20.1
2024-01-30,12.7,18.0
2024-01-31,9.6,18.5
2024-02-01,8.0,16.6
2024-02-02,4.5,17.1
2024-02-03,7.0,17.5
2024-02-04,3.6,20.7
2024-02-05,3.2,22.1
2024-02-06,5.0,18.7
2024-02-07,6.7,20.2
2024-02-08,5.7,22.6
2024-02-09,8.0,22.0
2024-02-10,13.5,19.0
2024-02-11,10.2,16.5
2024-02-12,12.2,19.2
2024-02-13,11.2,20.6
2024-02-14,5.7,22.1
2024-02-15,9.6,23.9
2024-02-16,14.0,18.5
2024-02-17,13.2,15.5
2024-02-18,11.6,17.5
2024-02-19,7.6,18.3
2024-02-20,8.5,17.5
2024-02-21,9.1,17.2
2024-02-22,8.4,23.7
2024-02-23,7.5,19.6
2024-02-24,7.0,15.1
2024-02-25,5.2,18.0
2024-02-26,12.2,20.0
2024-02-27,8.7,13.8
2024-02-28,8.0,12.6
2024-02-29,10.0,16.7
2024-03-01,6.7,16.2
2024-03-02,2.5,21.0
2024-03-03,10.0,15.6
2024-03-04,7.6,18.0
2024-03-05,9.2,19.0
2024-03-06,4.5,20.0
2024-03-07,5.0,23.7
2024-03-08,10.1,21.6
2024-03-09,4.5,23.1
2024-03-10,10.6,18.7
2024-03-11,11.5,18.2
2024-03-12,5.2,18.6
2024-03-13,5.0,21.1
2024-03-14,8.7,19.0
2024-03-15,6.3,20.5
2024-03-16,8.1,21.6
2024-03-17,7.0,26.2
2024-03-18,9.2,25.5
2024-03-19,10.5,24.6
2024-03-20,10.0,29.2
2024-03-21,15.2,30.7
2024-03-22,11.1,24.1
2024-03-23,8.2,22.0
2024-03-24,10.7,28.7
2024-03-25,15.7,26.6
2024-03-26,11.0,22.0
2024-03-27,12.0,19.6
2024-03-28,12.0,26.0
2024-03-29,15.0,29.0
2024-03-30,13.0,22.0
2024-03-31,15.0,30.0
2024-04-01,12.1,21.0
2024-04-02,7.0,22.0
2024-04-03,11.2,21.6
2024-04-04,7.0,23.5
2024-04-05,8.1,30.8
2024-04-06,20.0,35.0
2024-04-07,26.2,34.5
2024-04-08,15.7,30.2
2024-04-09,10.7,19.7
2024-04-10,7.0,18.7
2024-04-11,6.7,18.8
2024-04-12,10.9,18.2
2024-04-13,9.0,20.0
2024-04-14,13.2,20.7
2024-04-15,14.1,20.1
2024-04-16,12.7,24.6
2024-04-17,10.0,21.5
2024-04-18,8.5,21.7
2024-04-19,10.2,18.2
2024-04-20,6.1,21.2
2024-04-21,13.1,19.6
2024-04-22,8.0,19.2
2024-04-23,11.0,19.1
2024-04-24,10.1,18.7
2024-04-25,5.0,23.0
2024-04-26,8.0,22.0
2024-04-27,11.0,23.0
2024-04-28,11.0,21.0
2024-04-29,15.0,17.0
2024-04-30,12.0,18.6
2024-05-01,11.0,24.0
2024-05-02,12.5,21.5
2024-05-03,7.2,22.1
2024-05-04,8.6,24.8
2024-05-05,9.0,27.1
2024-05-06,12.7,26.2
2024-05-07,15.0,23.0
2024-05-08,12.5,21.4
2024-05-09,9.2,21.7
2024-05-10,8.8,25.3
2024-05-11,10.1,24.4
2024-05-12,15.7,28.3
2024-05-13,17.4,24.7
2024-05-14,14.1,29.9
2024-05-15,12.5,25.5
2024-05-16,10.0,25.2
2024-05-17,10.5,26.5
2024-05-18,14.2,24.5
2024-05-19,15.5,24.4
2024-05-20,15.2,25.2
2024-05-21,10.5,26.1
2024-05-22,10.2,25.7
2024-05-23,12.1,26.5
2024-05-24,21.2,35.0
2024-05-25,18.7,25.3
2024-05-26,12.7,31.5
2024-05-27,20.2,31.7
2024-05-28,19.2,25.7
2024-05-29,17.5,26.2
2024-05-30,13.5,32.5
2024-05-31,18.2,26.5
2024-06-01,19.2,25.1
2024-06-02,19.1,24.5
2024-06-03,14.0,25.0
2024-06-04,13.5,25.5
2024-06-05,13.0,30.2
2024-06-06,14.5,32.0
2024-06-07,22.1,39.6
2024-06-08,21.6,38.6
2024-06-09,18.2,30.0
2024-06-10,14.0,29.0
2024-06-11,18.5,26.7
2024-06-12,15.5,26.0
2024-06-13,16.5,28.0
2024-06-14,15.2,32.7
2024-06-15,22.6,31.6
2024-06-16,20.6,32.6
2024-06-17,19.1,28.7
2024-06-18,22.6,28.2
2024-06-19,22.2,31.2
2024-06-20,20.0,28.2
2024-06-21,17.2,26.7
2024-06-22,14.6,28.2
2024-06-23,14.5,27.5
2024-06-24,18.0,27.1
2024-06-25,14.2,28.7
2024-06-26,17.7,31.5
2024-06-27,23.1,29.0
2024-06-28,22.1,26.6
2024-06-29,20.7,29.7
2024-06-30,17.0,29.5
2024-07-01,21.7,27.7
2024-07-02,18.7,28.5
2024-07-03,16.7,31.2
2024-07-04,15.1,31.6
2024-07-05,20.2,31.2
2024-07-06,22.0,28.7
2024-07-07,19.7,29.5
2024-07-08,20.6,28.0
2024-07-09,22.8,29.3
2024-07-10,23.0,30.0
2024-07-11,20.0,32.0
2024-07-12,21.2,32.0
2024-07-13,24.0,32.5
2024-07-14,23.7,30.2
2024-07-15,20.7,33.7
2024-07-16,20.5,34.2
2024-07-17,22.6,30.7
2024-07-18,24.5,31.7
2024-07-19,25.0,32.0
2024-07-20,23.5,36.7
2024-07-21,25.5,39.7
2024-07-22,23.7,30.2
2024-07-23,17.6,31.7
2024-07-24,18.2,34.1
2024-07-25,18.5,35.5
2024-07-26,19.7,32.6
2024-07-27,24.1,33.7
2024-07-28,25.6,35.1
2024-07-29,24.2,35.2
2024-07-30,21.0,36.6
2024-07-31,21.5,38.2
2024-08-01,23.7,37.0
2024-08-02,25.5,37.6
2024-08-03,22.7,32.2
2024-08-04,21.0,33.5
2024-08-05,19.0,35.1
2024-08-06,19.5,37.7
2024-08-07,23.2,38.7
2024-08-08,25.5,32.2
2024-08-09,25.0,32.0
2024-08-10,25.5,35.2
2024-08-11,24.6,36.2
2024-08-12,24.0,32.0
2024-08-13,25.5,32.0
2024-08-14,23.1,31.7
2024-08-15,23.2,30.2
2024-08-16,21.5,30.5
2024-08-17,23.0,30.1
2024-08-18,19.7,36.2
2024-08-19,21.1,32.2
2024-08-20,19.6,32.2
2024-08-21,19.0,31.1
2024-08-22,19.2,35.7
2024-08-23,22.1,32.6
2024-08-24,22.7,38.0
2024-08-25,25.7,33.0
2024-08-26,26.5,30.0
2024-08-27,23.2,30.2
2024-08-28,20.7,32.2
2024-08-29,20.2,31.5
2024-08-30,24.5,32.7
2024-08-31,25.5,33.7
2024-09-01,24.2,34.0
2024-09-02,24.5,31.0
2024-09-03,22.7,32.2
2024-09-04,22.5,31.1
2024-09-05,24.7,30.5
2024-09-06,22.5,34.0
2024-09-07,26.6,40.1
2024-09-08,23.0,29.5
2024-09-09,22.1,30.5
2024-09-10,20.6,28.5
2024-09-11,17.0,28.5
2024-09-12,21.0,31.1
2024-09-13,18.2,27.0
2024-09-14,19.5,25.7
2024-09-15,13.0,27.7
2024-09-16,9.7,28.2
2024-09-17,15.1,27.2
2024-09-18,13.6,26.2
2024-09-19,17.2,25.7
2024-09-20,16.2,29.0
2024-09-21,19.7,28.2
2024-09-22,19.7,29.0
2024-09-23,19.2,28.2
2024-09-24,15.5,29.6
2024-09-25,19.0,28.0
2024-09-26,15.7,33.5
2024-09-27,17.6,28.7
2024-09-28,21.0,27.4
2024-09-29,18.5,26.5
2024-09-30,17.4,28.4
2024-10-01,19.7,28.0
2024-10-02,20.0,28.5
2024-10-03,17.5,27.5
2024-10-04,15.0,26.1
2024-10-05,14.5,28.7
2024-10-06,15.5,29.2
2024-10-07,17.2,34.0
2024-10-08,18.5,27.5
2024-10-09,15.2,29.6
2024-10-10,18.2,26.7
2024-10-11,18.7,26.1
2024-10-12,15.7,30.6
2024-10-13,22.5,37.2
2024-10-14,24.5,37.2
2024-10-15,20.0,29.5
2024-10-16,21.0,32.2
2024-10-17,19.0,27.7
2024-10-18,15.2,23.0
2024-10-19,14.0,22.0
2024-10-20,15.5,24.7
2024-10-21,13.7,24.6
2024-10-22,13.6,24.9
2024-10-23,12.5,24.7
2024-10-24,16.0,25.0
2024-10-25,17.7,24.2
2024-10-26,16.2,24.3
2024-10-27,13.0,22.5
2024-10-28,15.7,23.7
2024-10-29,20.5,30.5
2024-10-30,20.5,31.2
2024-10-31,15.7,26.4
2024-11-01,15.6,25.2
2024-11-02,16.2,25.7
2024-11-03,16.0,29.0
2024-11-04,18.0,30.0
2024-11-05,13.5,27.7
2024-11-06,14.6,24.1
2024-11-07,15.8,25.7
2024-11-08,15.1,23.5
2024-11-09,14.6,20.7
2024-11-10,16.2,20.0
2024-11-11,15.0,19.2
2024-11-12,13.7,19.0
2024-11-13,13.5,25.7
2024-11-14,15.0,27.7
2024-11-15,12.2,22.7
2024-11-16,12.1,27.8
2024-11-17,12.2,26.6
2024-11-18,13.0,24.0
2024-11-19,13.0,22.1
2024-11-20,15.0,22.0
2024-11-21,15.0,22.0
2024-11-22,15.6,21.5
2024-11-23,12.5,21.7
2024-11-24,17.7,24.0
2024-11-25,13.0,26.5
2024-11-26,12.6,23.6
2024-11-27,12.0,21.2
2024-11-28,11.6,21.3
2024-11-29,11.0,21.0
2024-11-30,8.5,21.4
2024-12-01,10.3,20.1
2024-12-02,8.0,20.7
2024-12-03,8.6,21.6
2024-12-04,11.0,16.0
2024-12-05,9.5,18.0
2024-12-06,9.7,19.4
2024-12-07,8.9,22.3
2024-12-08,13.0,17.4
2024-12-09,9.7,14.2
2024-12-10,7.0,16.3
2024-12-11,1.9,18.2
2024-12-12,6.0,18.4
2024-12-13,3.0,20.0
2024-12-14,5.0,18.8
2024-12-15,8.0,17.7
2024-12-16,6.0,16.4
2024-12-17,2.0,18.1
2024-12-18,2.0,19.5
2024-12-19,5.0,22.7
2024-12-20,6.1,18.2
2024-12-21,6.2,17.2
2024-12-22,3.0,17.1
2024-12-23,8.5,16.5
2024-12-24,7.2,16.2
2024-12-25,8.1,15.2
2024-12-26,2.7,15.5
2024-12-27,8.2,14.5
2024-12-28,2.6,16.7
2024-12-29,1.0,17.2
2024-12-30,1.0,17.2
2024-12-31,5.6,17.0
2025-01-01,4.2,16.5
2025-01-02,8.7,17.1
2025-01-03,7.7,18.0
2025-01-04,6.2,19.7
2025-01-05,3.0,20.2
2025-01-06,8.6,20.6
2025-01-07,8.0,16.7
2025-01-08,4.7,20.0
2025-01-09,5.6,21.0
2025-01-10,8.7,20.5
2025-01-11,7.1,20.0
2025-01-12,10.7,16.7
2025-01-13,7.5,12.7
2025-01-14,7.2,12.1
2025-01-15,6.2,11.2
2025-01-16,6.5,13.6
2025-01-17,3.5,13.7
2025-01-18,10.5,14.5
2025-01-19,10.0,16.0
2025-01-20,5.0,17.7
2025-01-21,4.5,23.0
2025-01-22,9.2,23.5
2025-01-23,9.2,22.7
2025-01-24,5.2,24.2
2025-01-25,8.5,22.2
2025-01-26,7.0,21.7
2025-01-27,9.2,24.7
2025-01-28,12.0,21.5
2025-01-29,10.5,17.2
2025-01-30,10.1,16.5
2025-01-31,8.5,15.0
2025-02-01,8.0,13.7
2025-02-02,7.7,11.7
2025-02-03,7.1,13.7
2025-02-04,3.5,16.0
2025-02-05,6.5,15.5
2025-02-06,3.0,15.5
2025-02-07,2.0,15.6
2025-02-08,2.6,18.1
2025-02-09,3.5,17.1
2025-02-10,2.5,18.0
2025-02-11,4.0,20.0
2025-02-12,5.5,21.1
2025-02-13,8.6,15.6
2025-02-14,8.0,19.6
2025-02-15,4.5,21.5
2025-02-16,5.4,23.2
2025-02-17,11.2,19.1
2025-02-18,6.0,25.1
2025-02-19,11.2,25.0
2025-02-20,8.0,18.1
2025-02-21,6.0,19.6
2025-02-22,7.5,24.2
2025-02-23,11.0,19.5
2025-02-24,7.8,18.5
2025-02-25,8.0,21.4
2025-02-26,8.2,17.0
2025-02-27,3.7,19.7
2025-02-28,8.2,20.5
2025-03-01,13.5,18.6
2025-03-02,12.0,17.7
2025-03-03,11.2,25.2
2025-03-04,13.5,23.7
2025-03-05,10.5,21.5
2025-03-06,15.0,21.6
2025-03-07,12.7,18.2
2025-03-08,9.0,26.0
2025-03-09,10.0,22.7
2025-03-10,7.6,22.1
2025-03-11,8.6,22.7
2025-03-12,12.0,19.0
2025-03-13,11.0,22.0
2025-03-14,11.5,20.1
2025-03-15,11.7,16.0
2025-03-16,7.5,20.1
2025-03-17,6.5,20.7
2025-03-18,11.0,22.0
2025-03-19,9.2,23.2
2025-03-20,16.2,26.1
2025-03-21,14.0,23.2
2025-03-22,10.6,21.0
2025-03-23,11.0,18.5
2025-03-24,9.6,18.2
2025-03-25,5.2,18.1
2025-03-26,10.7,18.0
2025-03-27,7.0,20.4
2025-03-28,8.7,20.9
2025-03-29,10.5,20.0
2025-03-30,7.7,18.3
2025-03-31,5.2,20.5
2025-04-01,3.8,21.0
2025-04-02,5.5,21.2
2025-04-03,9.7,31.7
2025-04-04,15.5,25.7
2025-04-05,11.5,23.5
2025-04-06,10.3,23.0
2025-04-07,10.0,23.0
2025-04-08,7.0,24.0
2025-04-09,8.4,24.8
2025-04-10,13.6,21.4
2025-04-11,12.5,26.5
2025-04-12,20.0,30.8
2025-04-13,17.0,27.1
2025-04-14,15.7,22.4
2025-04-15,12.7,23.1
2025-04-16,10.5,17.5
2025-04-17,11.6,21.6
2025-04-18,9.0,24.2
2025-04-19,11.8,24.5
2025-04-20,12.2,18.0
2025-04-21,9.6,20.7
2025-04-22,6.7,23.3
2025-04-23,11.0,21.6
2025-04-24,8.1,25.0
2025-04-25,9.3,23.4
2025-04-26,12.2,25.2
2025-04-27,13.6,21.1
2025-04-28,9.6,20.9
2025-04-29,10.5,24.0
2025-04-30,16.5,29.7
2025-05-01,18.7,31.1
2025-05-02,19.2,30.7
2025-05-03,19.0,29.1
2025-05-04,15.0,26.0
2025-05-05,13.8,24.4
2025-05-06,10.2,24.4
2025-05-07,11.0,24.5
2025-05-08,16.0,21.2
2025-05-09,13.0,22.9
2025-05-10,14.3,27.8
2025-05-11,14.5,23.7
2025-05-12,10.7,23.7
2025-05-13,13.0,20.6
2025-05-14,15.0,20.0
2025-05-15,14.2,19.1
2025-05-16,12.6,23.5
2025-05-17,10.2,26.2
2025-05-18,12.0,28.2
2025-05-19,17.2,27.2
2025-05-20,16.0,24.9
2025-05-21,11.7,24.7
2025-05-22,11.5,27.9
2025-05-23,15.7,20.0
2025-05-24,12.2,22.6
2025-05-25,9.0,27.5
2025-05-26,11.0,28.6
2025-05-27,12.2,28.4
2025-05-28,12.8,27.7
2025-05-29,12.1,30.2
2025-05-30,13.1,31.0
2025-05-31,13.2,29.8
2025-06-01,16.7,29.6
2025-06-02,17.9,39.3
2025-06-03,19.9,27.9
2025-06-04,19.6,29.9
2025-06-05,19.5,27.1
2025-06-06,18.8,29.2
2025-06-07,20.8,31.0
2025-06-08,19.5,29.2
2025-06-09,19.8,29.0
2025-06-10,17.6,31.1
2025-06-11,17.5,35.2
2025-06-12,21.6,33.9
2025-06-13,22.7,33.8
2025-06-14,20.5,38.7
2025-06-15,17.7,34.2
2025-06-16,20.3,32.1
2025-06-17,19.6,29.2
2025-06-18,20.5,30.9
2025-06-19,17.2,31.7
2025-06-20,16.2,30.5
2025-06-21,16.5,33.5
2025-06-22,17.5,32.4
2025-06-23,16.5,33.6
2025-06-24,18.0,35.9
2025-06-25,19.8,34.0
2025-06-26,22.0,32.7
2025-06-27,22.4,30.6
2025-06-28,20.7,32.4
2025-06-29,18.3,33.5
2025-06-30,18.6,32.3
2025-07-01,20.0,32.1
2025-07-02,23.5,31.5
2025-07-03,23.6,31.1
2025-07-04,20.6,32.0
2025-07-05,20.0,32.7
2025-07-06,20.5,32.8
2025-07-07,22.2,37.5
2025-07-08,23.3,32.4
2025-07-09,21.2,31.1
2025-07-10,20.5,33.9
2025-07-11,19.8,32.0
2025-07-12,22.7,33.0
2025-07-13,23.5,31.1
2025-07-14,24.6,34.6
2025-07-15,26.1,32.6
2025-07-16,24.7,32.1
2025-07-17,19.2,34.2
2025-07-18,18.8,38.3
2025-07-19,24.0,40.0
2025-07-20,20.5,35.7
2025-07-21,23.1,37.1
2025-07-22,25.9,32.8
2025-07-23,26.7,33.2
2025-07-24,26.5,31.4
2025-07-25,24.2,29.6
2025-07-26,21.5,29.3
2025-07-27,16.9,31.5
2025-07-28,18.5,34.0
2025-07-29,21.7,29.1
2025-07-30,17.7,30.1
2025-07-31,17.7,30.6
2025-08-01,20.6,31.3
2025-08-02,21.3,31.0
2025-08-03,19.0,31.1
2025-08-04,19.0,31.1
2025-08-05,16.5,33.6
2025-08-06,16.9,33.6
2025-08-07,19.5,36.0
2025-08-08,20.0,34.7
2025-08-09,21.6,31.4
2025-08-10,22.8,31.1
2025-08-11,21.6,30.2
2025-08-12,19.0,32.5
2025-08-13,18.6,32.5
2025-08-14,20.0,33.1
2025-08-15,22.2,32.0
2025-08-16,20.2,33.0
2025-08-17,20.0,38.2
2025-08-18,20.0,42.0
2025-08-19,20.9,39.4
2025-08-20,20.9,33.7
2025-08-21,18.5,31.5
2025-08-22,20.0,32.0
2025-08-23,19.8,32.0
2025-08-24,23.0,35.0
2025-08-25,26.0,38.0
2025-08-26,25.0,40.0
2025-08-27,28.0,36.0
2025-08-28,23.0,35.0
2025-08-29,18.0,32.0
2025-08-30,18.0,32.0
2025-08-31,18.0,33.0
2025-09-01,21.0,33.0
2025-09-02,20.0,28.0
2025-09-03,17.0,30.0
2025-09-04,19.0,30.0
2025-09-05,18.0,30.0
2025-09-06,25.0,39.0
2025-09-07,27.0,36.0
2025-09-08,26.0,37.0
2025-09-09,20.0,30.0
2025-09-10,20.0,29.0
2025-09-11,16.0,31.0
2025-09-12,17.0,31.0
2025-09-13,18.0,36.0
2025-09-14,21.0,31.0
2025-09-15,20.0,31.0
2025-09-16,23.0,30.0
2025-09-17,20.0,30.0
2025-09-18,19.0,29.0
2025-09-19,18.0,29.0
2025-09-20,20.0,30.0
2025-09-21,22.0,30.0
2025-09-22,21.0,30.0
2025-09-23,22.0,28.0
2025-09-24,19.0,26.0
2025-09-25,17.0,27.0
2025-09-26,21.0,27.0
2025-09-27,16.0,29.0
2025-09-28,13.0,32.0
2025-09-29,19.0,27.0
2025-09-30,19.0,27.0
2025-10-01,19.0,27.0
2025-10-02,15.0,26.0
2025-10-03,13.0,28.0
2025-10-04,14.0,29.0
2025-10-05,14.0,29.0
2025-10-06,18.0,25.0
2025-10-07,11.0,26.0
2025-10-08,13.0,26.0
2025-10-09,13.0,27.0
2025-10-10,16.0,27.0
2025-10-11,17.0,29.0
2025-10-12,19.0,33.0
2025-10-13,22.0,35.0
2025-10-14,17.0,29.0
2025-10-15,17.0,25.0
2025-10-16,18.0,24.0
2025-10-17,14.0,26.0
2025-10-18,16.0,25.0
2025-10-19,11.0,25.0
2025-10-20,12.0,29.0
2025-10-21,14.0,27.0
2025-10-22,15.0,28.0
2025-10-23,18.0,31.0
2025-10-24,18.0,29.0
2025-10-25,14.0,30.0
2025-10-26,17.0,27.0
2025-10-27,15.0,23.0
2025-10-28,12.0,25.0
2025-10-29,12.0,28.0
2025-10-30,18.0,25.0
2025-10-31,12.0,26.0
2025-11-01,12.0,27.0
2025-11-02,14.0,25.0
2025-11-03,15.0,23.0
2025-11-04,11.0,25.0
2025-11-05,10.0,27.0
2025-11-06,14.0,25.0
2025-11-07,13.0,22.0
2025-11-08,13.0,23.0
2025-11-09,11.0,20.0
2025-11-10,8.0,23.0
2025-11-11,8.0,23.0
2025-11-12,7.0,32.0
2025-11-13,14.0,31.0
2025-11-14,18.0,26.0
2025-11-15,13.0,26.0
2025-11-16,11.0,26.0
2025-11-17,12.0,18.0
2025-11-18,9.0,21.0
2025-11-19,9.0,20.0
2025-11-20,9.0,17.0
2025-11-21,10.0,16.0
2025-11-22,9.0,14.0
2025-11-23,5.0,18.0
2025-11-24,6.0,23.0
2025-11-25,13.0,18.0
2025-11-26,8.0,16.0
2025-11-27,8.0,16.0
2025-11-28,6.0,16.0
2025-11-29,2.0,20.0
2025-11-30,3.0,19.0
2025-12-01,5.0,18.0
2025-12-02,6.0,19.0
2025-12-03,10.0,16.0
2025-12-04,9.0,16.0
2025-12-05,12.0,18.0
2025-12-06,10.0,21.0
2025-12-07,8.0,21.0
2025-12-08,6.0,21.0
2025-12-09,7.0,21.0
2025-12-10,5.0,21.0
2025-12-11,5.0,19.0
2025-12-12,5.0,18.0
2025-12-13,5.0,20.0
2025-12-14,12.0,21.0
2025-12-15,15.0,22.0
2025-12-16,8.0,19.0
2025-12-17,9.0,18.0
2025-12-18,8.0,18.0
2025-12-19,13.0,17.0
2025-12-20,12.0,16.0
2025-12-21,9.0,17.0
2025-12-22,8.0,15.0
2025-12-23,8.0,14.0
2025-12-24,6.0,15.0
2025-12-25,6.0,16.0
2025-12-26,8.0,15.0
2025-12-27,9.0,17.0
2025-12-28,7.0,19.0
2025-12-29,8.0,18.0
2025-12-30,9.0,15.0
2025-12-31,6.0,16.0
2026-01-01,4.0,17.0
2026-01-02,6.0,21.0
2026-01-03,11.0,20.0
2026-01-04,14.0,21.0
2026-01-05,11.0,18.0
2026-01-06,8.0,11.0
2026-01-07,6.0,12.0
2026-01-08,6.0,16.0
2026-01-09,4.0,18.0
2026-01-10,10.0,16.0
2026-01-11,6.0,17.0
2026-01-12,2.0,19.0
2026-01-13,7.0,21.0
2026-01-14,5.0,19.0
2026-01-15,3.0,17.0
2026-01-16,10.0,18.0
2026-01-17,6.0,17.0
2026-01-18,9.0,12.0
2026-01-19,9.0,11.0
2026-01-20,10.0,14.0
2026-01-21,10.0,15.0
2026-01-22,11.0,15.0
2026-01-23,9.0,16.0
2026-01-24,8.0,15.0
2026-01-25,7.0,16.0
2026-01-26,14.0,17.0
2026-01-27,13.0,22.0
2026-01-28,11.0,18.0
2026-01-29,13.0,22.0
2026-01-30,16.0,21.0
2026-01-31,12.0,17.0
2026-02-01,9.0,17.0
2026-02-02,6.0,23.0
2026-02-03,10.0,16.0
2026-02-04,11.0,16.0
2026-02-05,16.0,25.0
2026-02-06,14.0,20.0
2026-02-07,10.0,16.0
2026-02-08,11.0,18.8
2026-02-09,8.0,18.8
2026-02-10,13.0,18.3
2026-02-11,11.7,18.9
2026-02-12,16.9,21.1
2026-02-13,9.0,22.0
2026-02-14,11.0,15.0
2026-02-15,10.0,16.0
2026-02-16,9.0,18.0
2026-02-17,12.0,20.0
2026-02-18,7.0,22.0
2026-02-19,9.0,16.0
2026-02-20,6.0,17.0
2026-02-21,2.0,17.0
2026-02-22,1.0,23.0
2026-02-23,4.0,23.0
2026-02-24,4.0,18.0
2026-02-25,8.0,22.3
2026-02-26,7.7,20.0
2026-02-27,10.0,21.0
2026-02-28,7.0,21.0
2026-03-01,12.0,18.0
2026-03-02,10.0,23.0
2026-03-03,17.0,26.0
2026-03-04,19.0,24.0
2026-03-05,12.0,22.0
2026-03-06,9.0,17.0
2026-03-07,9.0,19.0
2026-03-08,9.0,19.0
2026-03-09,12.0,18.0
2026-03-10,7.0,19.0
2026-03-11,11.0,16.0
2026-03-12,10.0,18.0
2026-03-13,8.0,19.0
2026-03-14,8.0,19.0
2026-03-15,10.0,15.0
2026-03-16,9.0,16.0
2026-03-17,8.0,17.0
2026-03-18,5.0,24.0
2026-03-19,9.0,20.0
2026-03-20,12.0,17.0
2026-03-21,11.4,15.0
2026-03-22,9.0,17.0
2026-03-23,7.0,18.0
2026-03-24,6.0,17.0
2026-03-25,4.0,19.0
2026-03-26,5.0,18.0
2026-03-27,7.0,16.0
2026-03-28,4.0,17.0
2026-03-29,8.0,12.0
2026-03-30,9.0,15.0
2026-03-31,7.0,14.0
2026-04-01,10.0,15.0
2026-04-02,9.0,15.0
2026-04-03,7.0,18.0
2026-04-04,4.0,19.0
2026-04-05,5.0,22.0
2026-04-06,7.0,29.0
2026-04-07,16.0,29.0
2026-04-08,17.0,29.0
2026-04-09,12.0,30.0
2026-04-10,11.0,28.0
2026-04-11,17.0,27.0
2026-04-12,15.0,19.0
2026-04-13,11.0,16.0
2026-04-14,10.0,18.0
2026-04-15,7.0,20.0
2026-04-16,7.0,22.0
2026-04-17,8.0,24.0
2026-04-18,8.0,23.0
2026-04-19,8.0,23.0
2026-04-20,10.0,24.0
2026-04-21,12.0,26.0
2026-04-22,15.0,22.0
2026-04-23,15.0,23.0
2026-04-24,14.0,23.0
2026-04-25,16.0,22.0
2026-04-26,15.0,21.0
2026-04-27,16.0,22.0
2026-04-28,15.6,24.0
2026-04-29,16.0,22.0
2026-04-30,15.0,20.0
2026-05-01,16.0,20.0
2026-05-02,14.0,25.0
2026-05-03,19.2,28.0
2026-05-04,18.0,23.0
2026-05-05,15.0,21.0
2026-05-06,14.0,22.0
2026-05-07,14.0,20.0
2026-05-08,13.0,22.0
2026-05-09,16.0,31.0
2026-05-10,11.0,25.0
2026-05-11,15.0,25.0
2026-05-12,12.0,25.0
2026-05-13,12.0,24.0
2026-05-14,10.0,24.0
2026-05-15,10.0,25.0
2026-05-16,9.0,21.0
2026-05-17,11.0,22.0
2026-05-18,9.0,24.0
2026-05-19,10.0,28.0
2026-05-20,11.0,27.0
2026-05-21,13.0,29.0
2026-05-22,13.0,29.0
2026-05-23,12.0,26.0
2026-05-24,13.0,26.0
2026-05-25,16.0,25.0
2026-05-26,14.0,25.0
2026-05-27,14.0,26.0
2026-05-28,13.0,25.0
2026-05-29,15.0,27.0
2026-05-30,14.0,30.0
2026-05-31,15.0,30.0
2026-06-01,15.0,32.0
2026-06-02,16.0,34.0
2026-06-03,17.0,28.0
2026-06-04,18.0,27.0
2026-06-05,18.0,31.0
2026-06-06,19.0,26.0
2026-06-07,20.0,26.0
2026-06-08,18.0,29.0
2026-06-09,22.0,27.0
2026-06-10,20.0,27.0
2026-06-11,20.0,26.0
2026-06-12,16.0,26.0
2026-06-13,15.0,26.0
2026-06-14,18.0,27.0
2026-06-15,20.0,27.0
2026-06-16,16.0,29.0
2026-06-17,19.0,31.0
2026-06-18,23.0,34.0
2026-06-19,23.0,37.0
2026-06-20,23.0,40.0
2026-06-21,23.0,37.0
2026-06-22,18.0,34.0
2026-06-23,19.0,33.0
2026-06-24,19.0,30.0
2026-06-25,19.0,31.0
2026-06-26,23.0,31.0
2026-06-27,21.0,29.0
2026-06-28,23.0,32.0
2026-06-29,24.0,30.0
2026-06-30,23.0,31.0
2026-07-01,22.0,32.0
2026-07-02,21.0,30.0
2026-07-03,17.0,30.0
2026-07-04,18.0,29.0
2026-07-05,19.0,32.0
2026-07-06,17.0,31.0
2026-07-07,18.0,33.0
2026-07-08,17.0,35.0
2026-07-09,19.0,38.0
2026-07-10,22.0,33.0
2026-07-11,22.0,33.0
2026-07-12,22.0,36.0
2026-07-13,25.0,32.0
2026-07-14,24.0,34.0
2026-07-15,24.0,36.0
2026-07-16,25.0,41.0
2026-07-17,23.0,38.0
2026-07-18,26.0,43.0
2026-07-19,29.0,37.0
2026-07-20,26.0,36.0
2026-07-21,26.0,35.0
