date,observed,Persistence,Climatology,GFS,ARIMA,SARIMA,ANN,SVR,LSTM,CNN-LSTM
2024-07-21,36.6,36.1,35.199999999999996,37.109997,36.61757846512596,36.62613106210686,34.879265,36.630826329794594,36.265045,36.451244
2024-07-22,33.5,36.6,35.37142857142857,34.109997,36.61757846512596,36.62613106210686,35.312263,37.06613519359713,36.887566,36.59395
2024-07-23,33.1,33.5,35.442857142857136,33.41,36.61757846512596,36.62613106210686,32.98879,34.19318005715149,33.378376,34.919773
2024-07-24,34.2,33.1,35.452747252747244,34.51,36.61757846512596,36.62613106210686,32.14135,34.10668496763299,33.940052,33.668945
2024-07-25,35.5,34.2,35.474725274725266,35.41,36.61757846512596,36.62613106210686,33.010437,34.81215454374053,34.528313,34.446644
2024-07-26,35.1,35.5,35.54285714285714,36.01,36.61757846512596,36.62613106210686,33.61842,35.497603990411974,35.33493,35.27284
2024-07-27,34.6,35.1,35.494505494505496,35.309998,36.61757846512596,36.62613106210686,33.12917,34.89743057946683,34.457314,35.01641
2024-07-28,34.6,34.6,35.282222222222224,35.21,36.61757846512596,36.62613106210686,32.732548,34.57989092962855,34.156403,34.26477
2024-07-29,36.2,34.6,35.21888888888889,35.91,36.61757846512596,36.62613106210686,33.267918,34.5563627742261,34.199806,34.37113
2024-07-30,37.1,36.2,35.163333333333334,36.71,36.61757846512596,36.62613106210686,34.193256,35.92041070652454,35.86644,35.326374
2024-07-31,38.2,37.1,35.16444444444445,37.91,36.61757846512596,36.62613106210686,34.66837,36.57052429277243,36.332874,36.38531
2024-08-01,39.099999999999994,38.2,35.17,38.309998,36.61757846512596,36.62613106210686,35.219845,37.53842982549674,37.43255,36.92981
2024-08-02,38.2,39.1,35.13777777777778,38.41,36.61757846512596,36.62613106210686,35.736477,38.3008689958256,38.108982,37.595535
2024-08-03,34.0,38.2,35.17111111111111,35.01,36.61757846512596,36.62613106210686,35.534607,37.60527250171937,37.109177,37.238827
2024-08-04,32.5,34.0,34.97333333333333,33.51,36.61757846512596,36.62613106210686,33.321907,34.328843288364205,33.39511,34.208057
2024-08-05,33.7,32.5,34.77111111111111,33.71,36.61757846512596,36.62613106210686,32.05711,33.61890684052479,33.303627,33.611137
2024-08-06,34.7,33.7,34.60111111111111,34.91,36.61757846512596,36.62613106210686,32.86729,34.60759878065039,34.444782,34.226658
2024-08-07,35.2,34.7,34.49222222222222,37.109997,36.61757846512596,36.62613106210686,32.944603,35.0571668872676,34.85394,35.337334
2024-08-08,37.6,35.2,34.45333333333333,38.109997,36.61757846512596,36.62613106210686,33.163372,35.2129387099005,34.949272,35.289177
2024-08-09,36.7,37.6,34.376666666666665,37.309998,36.61757846512596,36.62613106210686,34.52602,37.10525305249128,37.124832,36.35444
2024-08-10,34.0,36.7,34.22222222222223,35.21,36.61757846512596,36.62613106210686,34.026035,35.99238587461208,35.30939,36.12752
2024-08-11,35.2,34.0,34.14777777777778,36.609997,36.61757846512596,36.62613106210686,32.627323,33.95046225408105,33.31556,33.600903
2024-08-12,36.2,35.2,34.22666666666666,36.109997,36.61757846512596,36.62613106210686,33.73504,35.42134120956538,35.400555,34.479893
2024-08-13,35.5,36.2,34.18777777777778,35.51,36.61757846512596,36.62613106210686,34.78083,36.115098453690564,35.82098,35.965847
2024-08-14,31.2,35.5,34.06555555555556,31.91,36.61757846512596,36.62613106210686,33.587143,35.38633942633624,35.006855,35.423767
2024-08-15,30.0,31.2,33.888888888888886,30.91,36.61757846512596,36.62613106210686,31.036863,31.92870994193266,30.974213,31.835045
2024-08-16,28.7,30.0,33.72666666666666,28.91,36.61757846512596,36.62613106210686,29.915163,31.28522319303574,30.909266,31.093044
2024-08-17,29.4,28.7,33.60777777777778,29.710001,36.61757846512596,36.62613106210686,29.117804,29.956892567381946,29.389843,30.78378
2024-08-18,32.5,29.4,33.528888888888886,32.11,36.61757846512596,36.62613106210686,28.597483,30.421652047576867,30.220934,30.303919
2024-08-19,33.5,32.5,33.53666666666666,33.309998,36.61757846512596,36.62613106210686,30.606749,32.690954025075676,32.640884,32.155605
2024-08-20,31.8,33.5,33.35111111111111,32.01,33.297320608339454,33.31912833593476,31.02376,33.008847358324275,32.5736,32.99646
2024-08-21,32.0,31.8,33.14777777777778,31.61,33.297320608339454,33.31912833593476,29.906971,31.37905318950339,30.740524,31.038889
2024-08-22,32.5,32.0,32.99222222222222,31.710001,33.297320608339454,33.31912833593476,30.45552,31.8795130178786,31.561123,31.359533
2024-08-23,30.8,32.5,32.74111111111111,32.309998,33.297320608339454,33.31912833593476,31.191177,32.32592922200922,31.93851,32.208183
2024-08-24,31.7,30.8,32.49333333333333,33.609997,33.297320608339454,33.31912833593476,29.680668,30.90831494057713,30.341482,31.031315
2024-08-25,32.7,31.7,32.30333333333334,34.609997,33.297320608339454,33.31912833593476,30.040983,31.98681535111167,31.829039,31.407959
2024-08-26,34.0,32.7,32.12444444444445,31.91,33.297320608339454,33.31912833593476,31.23046,32.698099508761516,32.318527,32.482254
2024-08-27,31.5,34.0,31.974444444444448,31.61,33.297320608339454,33.31912833593476,32.022163,33.592160860532715,33.409443,33.38229
2024-08-28,31.6,31.5,31.846666666666664,33.21,33.297320608339454,33.31912833593476,30.318552,31.409415562752965,30.60829,31.52577
2024-08-29,32.6,31.6,31.70333333333333,33.609997,33.297320608339454,33.31912833593476,30.128435,31.886053210669257,31.638195,31.23581
2024-08-30,31.7,32.6,31.47222222222222,33.809998,33.297320608339454,33.31912833593476,31.5799,32.63463527251825,32.300636,32.33036
2024-08-31,32.0,31.7,31.30222222222222,31.61,33.297320608339454,33.31912833593476,30.313143,31.76527382280742,31.259535,31.937887
2024-09-01,32.6,32.0,31.072222222222223,32.71,33.297320608339454,33.31912833593476,30.310013,32.14635427916323,31.895714,31.904346
2024-09-02,33.6,32.6,30.76,32.11,33.297320608339454,33.31912833593476,31.056871,32.64144993063922,32.243107,32.353786
2024-09-03,34.0,33.6,30.415555555555553,32.91,33.297320608339454,33.31912833593476,31.859108,33.310005700779804,33.06903,33.087353
2024-09-04,30.3,34.0,30.242222222222225,31.210001,33.297320608339454,33.31912833593476,32.12733,33.59397815954584,33.25055,33.6742
2024-09-05,30.599999999999998,30.3,30.066666666666666,32.609997,33.297320608339454,33.31912833593476,29.55149,30.556396988651688,29.637177,30.46257
2024-09-06,28.5,30.6,29.933333333333337,30.11,33.297320608339454,33.31912833593476,29.444408,31.23351102343115,31.064333,30.534492
2024-09-07,30.5,28.5,29.887777777777778,32.309998,33.297320608339454,33.31912833593476,28.509342,29.318649538786453,28.559776,30.379768
2024-09-08,24.8,30.5,29.91444444444444,27.91,33.297320608339454,33.31912833593476,28.744211,31.0924918680974,31.102787,30.165989
2024-09-09,25.5,24.8,29.88,26.31,33.297320608339454,33.31912833593476,26.220427,25.885030264947478,24.785646,27.27189
2024-09-10,24.7,25.5,29.803333333333335,25.01,33.297320608339454,33.31912833593476,25.015245,26.961872021596104,26.814507,25.785984
2024-09-11,27.2,24.7,29.682222222222222,26.210001,33.297320608339454,33.31912833593476,25.315619,25.74543391552995,25.093822,26.930595
2024-09-12,26.2,27.2,29.468888888888888,27.710001,33.297320608339454,33.31912833593476,25.399841,27.699437108990423,27.579384,26.771679
2024-09-13,27.5,26.2,29.261111111111113,27.210001,33.297320608339454,33.31912833593476,25.338686,26.310097530783853,25.714188,27.351717
2024-09-14,26.6,27.5,29.051111111111116,26.51,33.297320608339454,33.31912833593476,25.995111,27.590564822589922,27.299303,26.874262
2024-09-15,27.7,26.6,28.818888888888885,27.31,33.297320608339454,33.31912833593476,25.927614,26.480244532387083,25.866812,26.759834
2024-09-16,27.4,27.7,28.735555555555553,27.51,33.297320608339454,33.31912833593476,25.789732,27.633564967698813,27.371136,27.031717
2024-09-17,24.1,27.4,28.68888888888889,23.91,33.297320608339454,33.31912833593476,26.542084,27.276282770939854,26.77199,27.513336
2024-09-18,26.2,24.1,28.624444444444446,25.81,33.297320608339454,33.31912833593476,23.570396,24.68175938286174,24.016235,23.968369
2024-09-19,19.7,26.2,28.348888888888887,22.61,26.878945991657147,26.91139101952376,25.025766,26.766793247990318,26.618607,25.547842
2024-09-20,26.300000000000004,19.7,28.132222222222218,25.51,26.878945991657147,26.91139101952376,21.419518,20.956408712199032,20.05,22.424107
2024-09-21,20.6,26.3,27.91333333333333,19.210001,26.878945991657147,26.91139101952376,24.06355,27.06564304687129,27.31553,24.57173
2024-09-22,23.1,20.6,27.674444444444443,23.41,26.878945991657147,26.91139101952376,22.469625,21.27678700731913,20.17949,24.367777
2024-09-23,22.9,23.1,27.441111111111113,22.31,26.878945991657147,26.91139101952376,21.035393,23.928980587026967,23.92845,22.229918
2024-09-24,26.300000000000004,22.9,27.064444444444447,25.31,26.878945991657147,26.91139101952376,23.295387,23.18861170885273,22.55292,25.321104
2024-09-25,26.6,26.3,26.797777777777778,25.01,26.878945991657147,26.91139101952376,23.722672,26.12134405218198,25.970402,25.587921
2024-09-26,29.599999999999998,26.6,26.322222222222223,28.61,26.878945991657147,26.91139101952376,25.141674,25.766848242856387,25.321573,26.6808
2024-09-27,29.599999999999998,29.6,26.02111111111111,26.91,26.878945991657147,26.91139101952376,26.66478,28.755651557845976,28.609627,28.161745
2024-09-28,25.2,29.6,25.745555555555555,24.51,26.878945991657147,26.91139101952376,26.96159,28.434491927852648,27.86234,28.919748
2024-09-29,26.5,25.2,25.474444444444444,27.61,26.878945991657147,26.91139101952376,24.047539,25.160935861922397,24.362095,24.307465
2024-09-30,29.2,26.5,25.184444444444445,29.210001,26.878945991657147,26.91139101952376,25.374723,26.943614941293852,26.799507,26.059444
2024-10-01,26.4,29.2,24.771111111111107,28.710001,26.878945991657147,26.91139101952376,28.292345,29.16701368706528,28.859728,28.631065
2024-10-02,28.4,26.4,24.419999999999998,27.01,26.878945991657147,26.91139101952376,24.978323,26.448135234856004,25.776014,26.826313
2024-10-03,23.6,28.4,24.181111111111107,22.710001,26.878945991657147,26.91139101952376,26.721418,28.604956819908395,28.532772,27.668783
2024-10-04,24.1,23.6,24.06777777777778,23.51,26.878945991657147,26.91139101952376,24.17678,24.295272341632668,23.222397,25.303177
2024-10-05,23.8,24.1,23.811111111111117,22.91,26.878945991657147,26.91139101952376,22.93032,25.05234220315938,24.910175,24.108648
2024-10-06,26.1,23.8,23.52222222222222,25.710001,26.878945991657147,26.91139101952376,23.920229,24.615812211990033,24.083422,25.596777
2024-10-07,26.7,26.1,23.216666666666665,27.61,26.878945991657147,26.91139101952376,24.432262,26.498775071566815,26.292997,25.66526
2024-10-08,22.8,26.7,22.82,23.210001,26.878945991657147,26.91139101952376,25.352499,26.50002490657632,26.069885,27.068064
2024-10-09,29.3,22.8,22.60222222222222,29.41,26.878945991657147,26.91139101952376,22.394072,23.257944789427835,22.51284,22.204369
2024-10-10,23.9,29.3,22.39666666666667,23.01,26.878945991657147,26.91139101952376,26.846884,29.050436011987067,29.3066,26.709414
2024-10-11,25.2,23.9,22.43777777777778,23.61,26.878945991657147,26.91139101952376,24.051668,23.786217423199016,22.53002,25.777256
2024-10-12,27.4,25.2,22.30111111111111,27.51,26.878945991657147,26.91139101952376,23.146694,25.61231679349291,25.66607,23.925869
2024-10-13,26.7,27.4,22.176666666666662,25.81,26.878945991657147,26.91139101952376,26.804035,27.389556116986775,26.913467,27.841019
2024-10-14,25.4,26.7,22.176666666666666,25.960001,26.878945991657147,26.91139101952376,24.640425,26.5551120779163,26.016912,26.995584
2024-10-15,20.9,25.4,22.008888888888887,20.36,26.878945991657147,26.91139101952376,24.292952,25.452522511300785,25.080122,25.001534
2024-10-16,22.9,20.9,21.80111111111111,23.91,26.878945991657147,26.91139101952376,21.806166,22.11409869477062,21.350325,21.81003
2024-10-17,21.200000000000003,22.9,21.48222222222222,23.06,26.878945991657147,26.91139101952376,22.219383,23.975871424151688,23.792038,23.008972
2024-10-18,16.0,21.2,21.24222222222222,15.91,26.878945991657147,26.91139101952376,21.706526,22.114068350294602,21.54833,23.346796
2024-10-19,14.1,16.0,20.947777777777773,15.51,17.651975993221313,17.65733696999407,17.339743,17.776197818979114,17.450392,17.051521
2024-10-20,17.3,14.1,20.68444444444444,16.41,17.651975993221313,17.65733696999407,16.301947,16.436216796326494,16.190596,16.826925
2024-10-21,17.8,17.3,20.45777777777778,17.61,17.651975993221313,17.65733696999407,17.688599,18.848924339351235,18.459703,18.005249
2024-10-22,19.8,17.8,20.396666666666665,18.81,17.651975993221313,17.65733696999407,17.234787,18.30793601189625,18.04289,19.104725
2024-10-23,20.9,19.8,20.344444444444445,20.31,17.651975993221313,17.65733696999407,19.033518,19.86381953568452,19.645044,19.207476
2024-10-24,20.200000000000003,20.9,20.275555555555556,18.31,17.651975993221313,17.65733696999407,20.098818,20.514567257493646,20.075716,20.38316
2024-10-25,20.200000000000003,20.2,20.175555555555555,19.81,17.651975993221313,17.65733696999407,18.879494,19.77322271267607,19.370398,19.02067
2024-10-26,19.399999999999995,20.2,19.848888888888887,19.86,17.651975993221313,17.65733696999407,19.21238,20.017441706412537,19.72658,19.247871
2024-10-27,13.7,19.4,19.547777777777778,18.56,17.651975993221313,17.65733696999407,18.724884,19.62550760925739,19.230854,19.145706
2024-10-28,17.3,13.7,19.194444444444443,19.81,17.651975993221313,17.65733696999407,14.838191,14.962526857823491,14.724278,14.32496
2024-10-29,19.1,17.3,18.717777777777776,20.91,17.651975993221313,17.65733696999407,16.998655,18.616880070930282,18.4053,17.073944
2024-10-30,20.9,19.1,18.46555555555555,21.11,17.651975993221313,17.65733696999407,18.773699,19.47034122333995,19.041037,19.637707
2024-10-31,20.6,20.9,18.298888888888886,21.06,17.651975993221313,17.65733696999407,19.16733,20.623789763175463,20.433306,19.969093
2024-11-01,20.8,20.6,18.128888888888888,19.76,17.651975993221313,17.65733696999407,20.192802,20.24177263754802,19.837523,20.032335
2024-11-02,18.2,20.8,17.804444444444446,19.01,17.651975993221313,17.65733696999407,19.54987,20.609859804309668,20.18376,20.210264
2024-11-03,19.3,18.2,17.612222222222222,18.11,17.651975993221313,17.65733696999407,17.779837,18.34711585524741,17.9595,17.88469
2024-11-04,20.1,19.3,17.44333333333333,20.26,17.651975993221313,17.65733696999407,18.433054,19.828752997226054,19.594488,18.68553
2024-11-05,22.1,20.1,17.267777777777777,21.56,17.651975993221313,17.65733696999407,19.56302,20.39166564109323,20.027588,20.249475
2024-11-06,22.1,22.1,17.043333333333333,20.91,17.651975993221313,17.65733696999407,20.635494,22.012700392802518,21.75231,21.060572
2024-11-07,19.899999999999995,22.1,16.754444444444445,18.41,17.651975993221313,17.65733696999407,21.19449,21.806546320606717,21.385727,21.599958
2024-11-08,18.3,19.9,16.388888888888893,19.710001,17.651975993221313,17.65733696999407,19.207273,20.093293346754415,19.616207,18.923988
2024-11-09,16.9,18.3,16.006666666666664,17.960001,17.651975993221313,17.65733696999407,18.121614,18.9931079265346,18.642136,18.231443
2024-11-10,14.4,16.9,15.806666666666668,14.860001,17.651975993221313,17.65733696999407,17.07493,18.002407219387404,17.669407,17.919197
2024-11-11,13.399999999999999,14.4,15.48,13.16,17.651975993221313,17.65733696999407,15.41095,15.900501360365075,15.7004385,15.716775
2024-11-12,13.7,13.4,15.29,12.66,17.651975993221313,17.65733696999407,14.369294,15.139708149075005,14.977695,14.766442
2024-11-13,15.6,13.7,15.235555555555553,15.71,17.651975993221313,17.65733696999407,14.225315,15.151581338950475,14.925514,14.58497
2024-11-14,20.9,15.6,14.973333333333333,19.460001,17.651975993221313,17.65733696999407,15.236262,16.321034138747763,16.08853,15.458967
2024-11-15,21.200000000000003,20.9,14.704444444444443,19.61,17.651975993221313,17.65733696999407,19.674932,20.358652128543632,20.142479,18.662365
2024-11-16,19.899999999999995,21.2,14.412222222222221,19.86,17.651975993221313,17.65733696999407,19.673677,20.04525507954022,19.61556,19.788124
2024-11-17,22.199999999999996,19.9,14.27,20.61,17.651975993221313,17.65733696999407,18.71139,19.175828467420708,18.838041,17.662146
2024-11-18,19.899999999999995,22.2,14.11111111111111,18.960001,21.390928497506636,21.429381942131684,20.789753,21.600458329105756,21.317339,20.558405
2024-11-19,20.3,19.9,13.956666666666665,18.76,21.390928497506636,21.429381942131684,18.85363,19.66121121351343,19.143751,20.007742
2024-11-20,15.299999999999999,20.3,13.666666666666664,16.21,21.390928497506636,21.429381942131684,19.147846,20.51687979988711,20.35301,19.35969
2024-11-21,17.1,15.3,13.393333333333334,16.06,21.390928497506636,21.429381942131684,16.713867,16.47869311069688,16.043875,16.836891
2024-11-22,13.2,17.1,13.252222222222223,12.06,21.390928497506636,21.429381942131684,16.522068,18.456346273574667,18.240362,17.24152
2024-11-23,15.299999999999999,13.2,13.228888888888887,14.71,21.390928497506636,21.429381942131684,15.502153,14.623478440938426,14.375265,16.588137
2024-11-24,13.399999999999999,15.3,13.033333333333335,12.860001,21.390928497506636,21.429381942131684,14.611926,16.671170292672123,16.496964,15.459419
2024-11-25,15.7,13.4,12.740000000000002,15.56,21.390928497506636,21.429381942131684,14.673639,14.430081861257637,14.206191,16.01996
2024-11-26,20.4,15.7,12.748888888888892,17.710001,21.390928497506636,21.429381942131684,14.7287,16.42610633599772,16.208624,15.311476
2024-11-27,20.4,20.4,12.74666666666667,18.31,21.390928497506636,21.429381942131684,19.601358,19.817587894662207,19.578768,19.046118
2024-11-28,18.4,20.4,12.623333333333333,16.56,21.390928497506636,21.429381942131684,18.806139,19.465402539331276,19.051756,19.298372
2024-11-29,16.7,18.4,12.625555555555552,15.51,21.390928497506636,21.429381942131684,17.439186,17.93506681417251,17.657108,16.509876
2024-11-30,16.8,16.7,12.616666666666667,16.36,21.390928497506636,21.429381942131684,16.514977,17.115237770713442,16.75224,16.487562
2024-12-01,16.4,16.8,12.621111111111112,15.46,21.390928497506636,21.429381942131684,16.211872,17.40934639934526,17.15212,16.977818
2024-12-02,15.0,16.4,12.573333333333332,14.66,21.390928497506636,21.429381942131684,16.0901,17.088588082515983,16.88377,17.107935
2024-12-03,17.4,15.0,12.627777777777778,16.26,21.390928497506636,21.429381942131684,15.081895,16.010690810304098,15.803313,15.264186
2024-12-04,11.6,17.4,12.74111111111111,10.51,21.390928497506636,21.429381942131684,16.94032,18.039682856490888,17.7682,16.751863
2024-12-05,10.100000000000001,11.6,12.896666666666667,9.81,21.390928497506636,21.429381942131684,13.1031065,12.659842308843126,12.515771,12.895851
2024-12-06,10.9,10.1,12.90888888888889,11.46,21.390928497506636,21.429381942131684,10.958626,11.903600532815418,11.967339,11.01726
2024-12-07,16.0,10.9,12.855555555555556,16.11,21.390928497506636,21.429381942131684,12.31153,12.478822691216838,12.338601,12.702705
2024-12-08,10.3,16.0,12.745555555555555,9.01,21.390928497506636,21.429381942131684,14.653086,16.34815524161712,16.147415,15.239495
2024-12-09,8.1,10.3,12.75333333333333,6.3100004,21.390928497506636,21.429381942131684,11.942837,10.736124441988656,10.939636,11.821632
2024-12-10,8.1,8.1,12.766666666666667,7.66,21.390928497506636,21.429381942131684,9.3244,9.671668354123069,9.8901205,9.52402
2024-12-11,9.3,8.1,12.693333333333335,8.26,21.390928497506636,21.429381942131684,9.689687,9.557424502476694,9.635477,10.421969
2024-12-12,11.6,9.3,12.62777777777778,11.56,21.390928497506636,21.429381942131684,9.665804,10.282599059617377,10.449054,9.567272
2024-12-13,14.4,11.6,12.617777777777778,13.21,21.390928497506636,21.429381942131684,11.370852,11.916214776143331,12.075227,12.330517
2024-12-14,14.1,14.4,12.632222222222223,12.66,21.390928497506636,21.429381942131684,14.341631,14.158443062364455,14.067137,13.752213
2024-12-15,8.9,14.1,12.72111111111111,8.46,21.390928497506636,21.429381942131684,13.835001,13.480308842795928,13.476637,13.513139
2024-12-16,8.4,8.9,12.973333333333333,8.06,21.390928497506636,21.429381942131684,9.622304,9.33242075221096,9.661168,9.31263
2024-12-17,12.4,8.4,13.315555555555553,11.96,21.390928497506636,21.429381942131684,9.072712,9.681431476784077,9.87843,10.186167
2024-12-18,14.799999999999999,12.4,13.394444444444444,13.16,12.762211340611042,12.520295499371354,12.154661,13.045337469689006,12.927118,12.414422
2024-12-19,19.6,14.8,13.357777777777779,16.86,12.762211340611042,12.520295499371354,13.65439,14.540284571689485,14.536435,14.792996
2024-12-20,11.6,19.6,13.274444444444445,11.16,12.762211340611042,12.520295499371354,18.309694,18.480373835689512,18.419744,17.219917
2024-12-21,8.4,11.6,13.26666666666667,9.26,12.762211340611042,12.520295499371354,12.180115,11.442894578965777,11.304815,11.633504
2024-12-22,12.1,8.4,13.173333333333332,10.66,12.762211340611042,12.520295499371354,9.1789255,9.798565070724784,10.048435,10.306469
2024-12-23,9.9,12.1,13.10777777777778,9.01,12.762211340611042,12.520295499371354,12.784757,13.243279441108724,13.031723,13.646782
2024-12-24,8.6,9.9,13.137647058823532,8.06,12.762211340611042,12.520295499371354,11.253972,10.858620301058169,11.052406,12.042161
2024-12-25,8.8,8.6,13.208235294117653,9.91,12.762211340611042,12.520295499371354,10.069086,9.902457235040025,10.28504,10.037211
2024-12-26,6.3,8.8,13.225882352941182,8.46,12.762211340611042,12.520295499371354,10.611912,10.20253527006265,10.220954,10.523633
2024-12-27,8.300000000000002,6.3,13.232941176470593,7.6099997,12.762211340611042,12.520295499371354,8.357602,7.534463678933451,7.9790936,7.6117773
2024-12-28,10.4,8.3,13.275294117647062,8.76,12.762211340611042,12.520295499371354,8.734847,9.240174056574492,9.510529,9.296085
2024-12-29,9.8,10.4,13.036470588235296,8.56,12.762211340611042,12.520295499371354,10.7699175,10.778459711388333,10.861549,11.4302635
2024-12-30,7.0,9.8,12.76117647058824,7.71,12.762211340611042,12.520295499371354,9.785557,9.898522113081142,10.209285,10.61095
2024-12-31,4.1,7.0,12.407058823529413,6.71,12.762211340611042,12.520295499371354,8.358583,7.651056164476068,8.186242,8.626737
2025-01-01,7.0,4.1,11.985882352941177,4.71,12.762211340611042,12.520295499371354,6.959211,5.587334443044146,6.167863,6.799913
2025-01-02,8.5,7.0,11.728235294117647,8.360001,12.762211340611042,12.520295499371354,7.919909,8.14107501703079,8.349639,8.035633
2025-01-03,9.200000000000001,8.5,11.459999999999999,9.110001,12.762211340611042,12.520295499371354,9.316555,8.939917054205429,9.25559,10.169357
2025-01-04,12.1,9.2,11.148235294117645,11.21,12.762211340611042,12.520295499371354,9.363363,9.358437385494057,9.726847,10.3544
2025-01-05,10.9,12.1,10.705882352941176,11.51,12.762211340611042,12.520295499371354,12.316318,11.770183026941986,11.858624,11.982632
2025-01-06,11.7,10.9,10.503529411764704,12.31,12.762211340611042,12.520295499371354,10.8513565,10.503155684682387,10.709425,11.46546
2025-01-07,8.0,11.7,10.495294117647058,7.66,12.762211340611042,12.520295499371354,11.13124,11.480755791617206,11.699074,11.556787
2025-01-08,14.7,8.0,10.635555555555559,14.76,12.762211340611042,12.520295499371354,9.139011,8.587814181837887,8.978513,9.718536
2025-01-09,13.399999999999999,14.7,10.555555555555557,13.91,12.762211340611042,12.520295499371354,13.171223,14.805649110258706,14.676898,13.066933
2025-01-10,13.1,13.4,10.57,13.21,12.762211340611042,12.520295499371354,13.710168,12.95603842840557,12.929468,14.939121
2025-01-11,13.1,13.1,10.561111111111112,13.06,12.762211340611042,12.520295499371354,12.004188,13.140783111381834,13.249096,12.154873
2025-01-12,9.5,13.1,10.36888888888889,7.76,12.762211340611042,12.520295499371354,13.707159,13.282339917927013,13.215891,13.700802
2025-01-13,3.6,9.5,10.373333333333333,2.01,12.762211340611042,12.520295499371354,10.025987,10.376151114057231,10.514517,10.283763
2025-01-14,4.5,3.6,10.32,1.71,12.762211340611042,12.520295499371354,8.486374,5.637286439432869,6.3469915,6.770126
2025-01-15,5.6,4.5,10.204444444444446,5.96,12.762211340611042,12.520295499371354,7.9585123,7.072198948332164,7.2839246,6.785558
2025-01-16,4.0,5.6,10.047777777777778,5.1099997,12.762211340611042,12.520295499371354,9.021374,7.310923991851993,7.6265945,7.255856
2025-01-17,5.0,4.0,9.936666666666666,4.46,5.124319131501399,5.114346276140848,7.1565604,5.399296405650794,6.1897373,5.0425577
2025-01-18,5.7,5.0,9.988888888888889,4.66,5.124319131501399,5.114346276140848,6.484978,6.176587615435583,6.703375,5.3640795
2025-01-19,6.5,5.7,10.176666666666666,6.8100004,5.124319131501399,5.114346276140848,6.413881,6.352242771841484,6.831397,6.339647
2025-01-20,11.099999999999998,6.5,10.527777777777779,10.06,5.124319131501399,5.114346276140848,6.7261553,6.689399439950529,7.2829556,7.7856045
2025-01-21,16.5,11.1,10.764444444444445,14.360001,5.124319131501399,5.114346276140848,11.0928,10.605473430457145,10.784032,11.302452
2025-01-22,15.2,16.5,10.857777777777779,15.66,5.124319131501399,5.114346276140848,15.212131,14.870900139115,14.890038,14.051297
2025-01-23,16.3,15.2,10.864444444444445,15.56,5.124319131501399,5.114346276140848,14.32285,13.518952659947642,13.608545,14.121839
2025-01-24,17.5,16.3,10.965555555555556,15.71,5.124319131501399,5.114346276140848,15.951699,15.237128505621289,15.250481,14.702514
2025-01-25,13.0,17.5,11.0,14.66,5.124319131501399,5.114346276140848,16.250664,16.628995776074564,16.409325,16.758152
2025-01-26,17.5,13.0,11.024444444444443,14.71,5.124319131501399,5.114346276140848,12.722071,13.073399077340433,13.042582,13.040994
2025-01-27,17.7,17.5,11.248888888888887,16.91,5.124319131501399,5.114346276140848,16.514973,17.76107736831349,17.6615,16.215403
2025-01-28,13.6,17.7,11.574444444444445,13.110001,5.124319131501399,5.114346276140848,17.616024,17.606616450855693,17.170313,18.418896
2025-01-29,11.500000000000002,13.6,11.913333333333334,9.96,5.124319131501399,5.114346276140848,13.068728,14.121670036197106,14.054304,12.814947
2025-01-30,10.2,11.5,12.261111111111111,8.31,5.124319131501399,5.114346276140848,12.512654,12.907546916140614,12.852618,12.876793
2025-01-31,7.1,10.2,12.486666666666666,7.21,5.124319131501399,5.114346276140848,11.602514,11.934946681630397,11.825904,11.790316
2025-02-01,7.1,7.1,12.80111111111111,6.71,5.124319131501399,5.114346276140848,10.288957,8.977076555225711,9.365241,9.000326
2025-02-02,5.4,7.1,13.022222222222222,6.76,5.124319131501399,5.114346276140848,9.821721,9.151908401162405,9.382561,8.701371
2025-02-03,7.2,5.4,13.161111111111111,7.0600004,5.124319131501399,5.114346276140848,9.207934,7.290087203539362,7.694627,6.7914324
2025-02-04,10.5,7.2,13.242222222222221,9.46,5.124319131501399,5.114346276140848,8.589405,8.483556922566425,8.736554,7.5123963
2025-02-05,9.0,10.5,13.346666666666668,9.31,5.124319131501399,5.114346276140848,10.977413,10.737108018644088,10.829965,11.19616
2025-02-06,8.6,9.0,13.409999999999997,8.360001,5.124319131501399,5.114346276140848,9.315494,9.007599896592854,9.397452,10.248006
2025-02-07,8.5,8.6,13.508888888888889,8.11,5.124319131501399,5.114346276140848,8.891768,8.868050027484944,9.26241,9.876077
2025-02-08,11.8,8.5,13.587777777777776,11.26,5.124319131501399,5.114346276140848,8.7534485,8.960188819562225,9.227391,9.972607
2025-02-09,11.500000000000002,11.8,13.712222222222222,11.31,5.124319131501399,5.114346276140848,10.844186,11.748819624286899,11.849419,11.496658
2025-02-10,13.1,11.5,13.756666666666666,13.76,5.124319131501399,5.114346276140848,11.27753,11.25892569668177,11.477239,12.335783
2025-02-11,14.6,13.1,13.88111111111111,13.96,5.124319131501399,5.114346276140848,12.561109,12.934239095728294,12.998682,12.576335
2025-02-12,15.2,14.6,13.895555555555555,14.06,5.124319131501399,5.114346276140848,14.328976,14.127823384079061,14.065569,14.047038
2025-02-13,9.4,15.2,14.004444444444445,9.21,5.124319131501399,5.114346276140848,14.146735,14.676090605007497,14.618386,14.389742
2025-02-14,12.8,9.4,14.144444444444442,12.31,5.124319131501399,5.114346276140848,10.316778,9.949166696561432,10.221384,10.008805
2025-02-15,16.8,12.8,14.386666666666663,15.56,5.124319131501399,5.114346276140848,12.255917,13.735029416114854,13.61426,12.518365
2025-02-16,18.8,16.8,14.396666666666665,17.01,15.909903923891058,15.709542143202412,16.471346,16.590329057308757,16.336727,16.55745
2025-02-17,17.2,18.8,14.371111111111112,15.81,15.909903923891058,15.709542143202412,16.90424,17.897339161131644,17.793104,17.509735
2025-02-18,15.9,17.2,14.37,15.46,15.909903923891058,15.709542143202412,17.04702,16.61403221080688,16.379402,16.215643
2025-02-19,13.6,15.9,14.34111111111111,12.91,15.909903923891058,15.709542143202412,15.38487,16.036578364462656,15.715636,15.426241
2025-02-20,15.2,13.6,14.19888888888889,14.66,15.909903923891058,15.709542143202412,13.588673,14.194326245954569,14.046481,14.200363
2025-02-21,15.7,15.2,14.07222222222222,14.71,15.909903923891058,15.709542143202412,14.625151,15.965645584527884,15.820456,15.010475
2025-02-22,14.1,15.7,14.02,13.71,15.909903923891058,15.709542143202412,15.597655,16.221712208108652,15.997743,16.37252
2025-02-23,11.500000000000002,14.1,13.953333333333333,9.41,15.909903923891058,15.709542143202412,13.881399,14.78658168167,14.632192,13.792436
2025-02-24,14.799999999999999,11.5,13.841111111111115,13.66,15.909903923891058,15.709542143202412,12.112246,12.649929752358323,12.60598,11.858563
2025-02-25,16.0,14.8,13.74888888888889,14.51,15.909903923891058,15.709542143202412,14.307322,15.576410496993292,15.337005,14.070995
2025-02-26,12.3,16.0,13.656666666666668,11.41,15.909903923891058,15.709542143202412,15.334183,15.97937034687063,15.779046,16.157873
2025-02-27,15.299999999999999,12.3,13.747777777777777,15.110001,15.909903923891058,15.709542143202412,12.1812,12.795486156507966,12.824493,11.823254
2025-02-28,15.7,15.3,13.7,15.51,15.909903923891058,15.709542143202412,15.004316,15.823065412650386,15.638787,14.64145
2025-03-01,16.2,15.7,13.554444444444446,13.71,15.909903923891058,15.709542143202412,15.279793,15.72602443239554,15.41822,16.21677
2025-03-02,15.5,16.2,13.458888888888888,14.06,15.909903923891058,15.709542143202412,14.739161,16.06309762173918,15.998982,15.426508
2025-03-03,14.7,15.5,13.53111111111111,15.51,15.909903923891058,15.709542143202412,15.507772,15.660401798718157,15.45968,15.380277
2025-03-04,11.2,14.7,13.65222222222222,9.41,15.909903923891058,15.709542143202412,14.174236,15.197484487724063,14.962516,14.456
2025-03-05,10.8,11.2,13.88111111111111,11.610001,15.909903923891058,15.709542143202412,11.878497,12.20408197764422,12.2306185,11.824999
2025-03-06,10.8,10.8,14.246666666666668,12.01,15.909903923891058,15.709542143202412,11.384807,12.306205747222592,12.297552,11.4512
2025-03-07,13.899999999999999,10.8,14.648888888888889,15.31,15.909903923891058,15.709542143202412,11.731769,12.110096302364578,12.090323,11.869008
2025-03-08,16.5,13.9,15.059999999999999,17.210001,15.909903923891058,15.709542143202412,13.30007,14.486520454989794,14.378721,13.515739
2025-03-09,15.7,16.5,15.379999999999997,14.01,15.909903923891058,15.709542143202412,16.145674,16.1609134048525,16.009949,15.596452
2025-03-10,17.1,15.7,15.692222222222224,15.610001,15.909903923891058,15.709542143202412,15.344429,15.258909781007004,15.096746,14.728079
2025-03-11,17.6,17.1,15.896666666666667,16.710001,15.909903923891058,15.709542143202412,16.292324,16.650030576309277,16.496117,15.874549
2025-03-12,14.0,17.6,16.09333333333333,13.21,15.909903923891058,15.709542143202412,16.649836,17.14994374470087,16.86398,16.986423
2025-03-13,19.899999999999995,14.0,16.08222222222222,19.11,15.909903923891058,15.709542143202412,13.647833,14.273164155416291,14.142796,13.541605
2025-03-14,18.2,19.9,15.882222222222222,18.31,15.909903923891058,15.709542143202412,18.379623,19.910736717886785,19.76779,17.908413
2025-03-15,13.3,18.2,15.783333333333333,13.21,15.909903923891058,15.709542143202412,18.05587,17.90378940791373,17.381088,18.96694
2025-03-16,16.3,13.3,15.891111111111112,16.01,15.909903923891058,15.709542143202412,12.950795,14.05847371269727,14.012906,12.432596
2025-03-17,19.5,16.3,16.074444444444445,18.91,15.909903923891058,15.709542143202412,16.467815,17.24662077742667,16.975628,16.303473
2025-03-18,20.0,19.5,16.124444444444446,18.210001,18.911554646066513,18.731117002163714,18.507786,19.47929807015848,19.065277,19.055464
2025-03-19,19.5,20.0,16.29,18.210001,18.911554646066513,18.731117002163714,17.89319,19.368558958781936,19.203854,19.25809
2025-03-20,17.1,19.5,16.227777777777778,17.61,18.911554646066513,18.731117002163714,19.138514,19.30178058440784,18.95555,18.527155
2025-03-21,19.6,17.1,16.096666666666668,22.61,18.911554646066513,18.731117002163714,16.790085,17.445967742802612,16.999153,16.866518
2025-03-22,19.5,19.6,16.00111111111111,17.91,18.911554646066513,18.731117002163714,18.351358,19.749270603643055,19.549606,18.467
2025-03-23,13.0,19.5,15.943333333333332,14.21,18.911554646066513,18.731117002163714,18.916769,19.51639936139028,19.143837,19.823503
2025-03-24,12.3,13.0,15.835555555555553,12.110001,18.911554646066513,18.731117002163714,13.862417,14.18547081120477,14.014873,13.0321245
2025-03-25,12.7,12.3,15.888888888888886,12.51,18.911554646066513,18.731117002163714,13.42442,14.272600013127917,14.132737,13.811038
2025-03-26,11.2,12.7,15.974444444444446,12.51,18.911554646066513,18.731117002163714,14.004354,14.33374867727054,14.051549,14.284901
2025-03-27,14.799999999999999,11.2,16.105555555555554,15.01,18.911554646066513,18.731117002163714,12.214455,12.551848666394095,12.616331,12.478355
2025-03-28,17.2,14.8,16.293333333333333,16.21,18.911554646066513,18.731117002163714,14.762771,15.579690492968641,15.423523,14.687861
2025-03-29,16.2,17.2,16.63888888888889,15.51,18.911554646066513,18.731117002163714,16.732124,17.00615668243623,16.683079,16.672575
2025-03-30,11.3,16.2,16.932222222222222,11.610001,18.911554646066513,18.731117002163714,15.328053,15.705389440513834,15.559124,14.957918
2025-03-31,17.3,11.3,17.144444444444442,17.81,18.911554646066513,18.731117002163714,11.790148,11.905358288812172,11.92966,11.082395
2025-04-01,20.0,17.3,17.332222222222224,19.81,18.911554646066513,18.731117002163714,16.024168,17.670719758947413,17.410809,15.801051
2025-04-02,19.3,20.0,17.57333333333333,19.01,18.911554646066513,18.731117002163714,18.993063,19.15836352416954,18.827671,19.14432
2025-04-03,21.0,19.3,17.564444444444444,21.81,18.911554646066513,18.731117002163714,17.435806,18.560408888552278,18.372078,17.762375
2025-04-04,21.8,21.0,17.714444444444442,23.51,18.911554646066513,18.731117002163714,20.198072,20.45070615219038,20.167515,19.648275
2025-04-05,20.9,21.8,17.85666666666667,19.91,18.911554646066513,18.731117002163714,19.723719,21.155600857921197,20.664228,21.188133
2025-04-06,16.6,20.9,17.814444444444447,16.91,18.911554646066513,18.731117002163714,19.166016,20.37925671880871,20.082087,19.678988
2025-04-07,18.0,16.6,17.795555555555556,17.210001,18.911554646066513,18.731117002163714,16.835827,17.31656233029511,16.949219,16.320711
2025-04-08,21.3,18.0,18.02111111111111,19.81,18.911554646066513,18.731117002163714,17.635382,19.106068463805308,18.835917,17.988935
2025-04-09,24.7,21.3,18.037777777777777,25.11,18.911554646066513,18.731117002163714,20.497623,21.51300805150439,21.198402,20.705828
2025-04-10,24.2,24.7,18.234444444444446,24.01,18.911554646066513,18.731117002163714,22.73853,23.972236106062205,23.784912,22.87037
2025-04-11,26.300000000000004,24.2,18.57111111111111,26.51,18.911554646066513,18.731117002163714,22.743319,23.32103033427155,22.823332,23.060095
2025-04-12,26.799999999999997,26.3,19.029999999999998,28.01,18.911554646066513,18.731117002163714,24.028175,25.426882679866967,25.147207,24.696873
2025-04-13,23.999999999999996,26.8,19.166666666666668,25.81,18.911554646066513,18.731117002163714,24.278687,25.762907398355832,25.264048,26.04165
2025-04-14,14.4,24.0,19.246666666666666,17.51,18.911554646066513,18.731117002163714,22.405315,23.72910590633056,23.161455,22.989645
2025-04-15,15.6,14.4,19.23111111111111,19.31,18.911554646066513,18.731117002163714,17.237606,16.259582892717177,15.781923,16.340462
2025-04-16,7.9,15.6,19.171111111111113,8.21,18.911554646066513,18.731117002163714,17.506578,18.329057137612924,18.083397,18.103498
2025-04-17,15.6,7.9,19.162222222222223,15.610001,10.475904744615463,10.367388808943803,15.218544,11.057276523968781,11.15976,14.441077
2025-04-18,20.0,15.6,19.421111111111113,20.710001,10.475904744615463,10.367388808943803,15.180925,17.84088139051543,17.566078,16.046747
2025-04-19,23.000000000000004,20.0,19.665555555555557,22.91,10.475904744615463,10.367388808943803,19.712145,20.01617604664925,19.545496,20.938223
2025-04-20,11.9,23.0,19.88,11.41,10.475904744615463,10.367388808943803,20.32403,21.783379589569247,21.554031,21.12408
2025-04-21,14.1,11.9,20.328888888888887,14.610001,10.475904744615463,10.367388808943803,13.288541,11.996456938809507,11.698134,11.703069
2025-04-22,20.3,14.1,20.77,20.01,10.475904744615463,10.367388808943803,13.418117,15.541343291915757,15.253973,15.026591
2025-04-23,19.7,20.3,20.877777777777776,18.51,10.475904744615463,10.367388808943803,19.79175,20.108318520159735,19.768394,19.893892
2025-04-24,24.6,19.7,20.954444444444444,24.41,10.475904744615463,10.367388808943803,17.165157,19.121801228985635,18.891378,20.108559
2025-04-25,25.9,24.6,21.063333333333333,24.31,10.475904744615463,10.367388808943803,22.383972,23.629543988302707,23.678177,23.275505
2025-04-26,22.4,25.9,21.143333333333334,22.210001,10.475904744615463,10.367388808943803,23.341423,24.546205462333557,23.8381,25.489529
2025-04-27,20.1,22.4,21.162222222222223,20.01,10.475904744615463,10.367388808943803,19.584923,21.436809573660117,20.883812,20.417892
2025-04-28,19.3,20.1,21.375555555555554,18.710001,10.475904744615463,10.367388808943803,19.91203,20.422073538127176,20.086998,19.89551
2025-04-29,20.3,19.3,21.716666666666665,22.81,10.475904744615463,10.367388808943803,19.354492,20.35839707708208,19.922022,20.678293
2025-04-30,22.3,20.3,22.16888888888889,24.31,10.475904744615463,10.367388808943803,19.561201,21.100453841630184,20.862268,20.948303
2025-05-01,25.2,22.3,22.55222222222222,26.51,10.475904744615463,10.367388808943803,21.388134,22.65918507008642,22.385683,22.191273
2025-05-02,25.1,25.2,22.747777777777774,26.31,10.475904744615463,10.367388808943803,23.654787,24.812825971645303,24.520977,23.94828
2025-05-03,29.7,25.1,22.956666666666667,30.11,10.475904744615463,10.367388808943803,23.31195,24.34381967287387,23.820269,24.068235
2025-05-04,22.9,29.7,23.15333333333333,23.710001,10.475904744615463,10.367388808943803,26.450914,28.421924192179553,28.465044,27.155436
2025-05-05,23.3,22.9,23.306666666666665,22.51,10.475904744615463,10.367388808943803,22.308872,22.450404708280082,21.242098,22.976776
2025-05-06,20.9,23.3,23.412222222222223,20.91,10.475904744615463,10.367388808943803,21.830626,23.917626238394803,23.837177,22.48725
2025-05-07,24.7,20.9,23.39888888888889,26.51,10.475904744615463,10.367388808943803,22.095842,21.90558776555387,21.219948,24.016575
2025-05-08,23.9,24.7,23.667777777777776,23.41,10.475904744615463,10.367388808943803,22.61777,25.327300029540915,25.290379,24.179653
2025-05-09,23.9,23.9,24.17888888888889,22.61,10.475904744615463,10.367388808943803,23.214098,23.997367297078473,23.446058,25.68111
2025-05-10,24.1,23.9,24.473333333333336,26.81,10.475904744615463,10.367388808943803,22.788841,24.233852460135058,23.84577,23.22264
2025-05-11,23.6,24.1,24.56222222222222,21.710001,10.475904744615463,10.367388808943803,23.391048,24.133933566241556,23.677498,23.910416
2025-05-12,21.200000000000003,23.6,24.436666666666667,21.31,10.475904744615463,10.367388808943803,22.309607,23.766136674926855,23.279228,23.429117
2025-05-13,23.3,21.2,24.455555555555552,25.31,10.475904744615463,10.367388808943803,20.881884,21.732130027869314,21.281305,21.073456
2025-05-14,18.2,23.3,24.44888888888889,21.41,10.475904744615463,10.367388808943803,22.372515,23.900975897952172,23.647501,22.549492
2025-05-15,13.0,18.2,24.51222222222222,14.71,10.475904744615463,10.367388808943803,19.231428,19.189568684899562,18.540928,20.034761
2025-05-16,17.0,13.0,24.60222222222222,17.11,10.475904744615463,10.367388808943803,14.981897,15.24811401127662,15.123861,14.984404
2025-05-17,22.8,17.0,24.79888888888889,22.81,18.971321001404906,19.055015846916536,17.696426,18.871157443436086,18.531406,17.94819
2025-05-18,28.8,22.8,24.743333333333336,28.11,18.971321001404906,19.055015846916536,21.542702,22.815960171816634,22.505245,21.789278
2025-05-19,29.4,28.8,24.731111111111108,28.61,18.971321001404906,19.055015846916536,25.40518,26.970092217897452,27.057652,24.482876
2025-05-20,29.8,29.4,24.834444444444443,28.11,18.971321001404906,19.055015846916536,26.100483,27.20895267966104,26.623539,27.068874
2025-05-21,27.4,29.8,25.07777777777778,25.81,18.971321001404906,19.055015846916536,25.564533,27.925548796321248,27.493893,27.419302
2025-05-22,26.2,27.4,25.32777777777778,26.51,18.971321001404906,19.055015846916536,25.067799,26.303802788108328,25.584087,26.678576
2025-05-23,19.3,26.2,25.421111111111106,22.01,18.971321001404906,19.055015846916536,24.543564,26.177576323403084,25.823627,26.079931
2025-05-24,17.7,19.3,25.38888888888889,17.31,18.971321001404906,19.055015846916536,21.103321,20.81961255840813,20.113083,21.705214
2025-05-25,21.8,17.7,25.508888888888887,20.81,18.971321001404906,19.055015846916536,19.740746,20.272639351361047,20.032373,20.580315
2025-05-26,27.1,21.8,25.757777777777775,26.01,18.971321001404906,19.055015846916536,22.159582,23.387581759968977,23.084578,22.806078
2025-05-27,29.3,27.1,26.236666666666668,27.710001,18.971321001404906,19.055015846916536,25.187563,26.904597596922873,26.77546,25.705004
2025-05-28,29.2,29.3,26.614444444444448,28.11,18.971321001404906,19.055015846916536,26.443163,27.945982748493556,27.653513,27.54643
2025-05-29,29.100000000000005,29.2,26.943333333333328,27.710001,18.971321001404906,19.055015846916536,26.63139,27.8745269759348,27.30198,27.458773
2025-05-30,29.7,29.1,27.122222222222216,28.81,18.971321001404906,19.055015846916536,25.805462,27.998225851472093,27.508715,27.874357
2025-05-31,29.5,29.7,27.38333333333333,29.11,18.971321001404906,19.055015846916536,27.305285,28.87528224538665,28.548338,28.87624
2025-06-01,29.4,29.5,27.698888888888884,29.210001,18.971321001404906,19.055015846916536,27.802042,29.07112646121069,28.676662,29.201954
2025-06-02,28.4,29.4,28.10333333333333,28.11,18.971321001404906,19.055015846916536,28.029484,29.356821356667997,28.98501,29.135954
2025-06-03,30.3,28.4,28.32444444444445,29.61,18.971321001404906,19.055015846916536,27.440912,28.650430388543626,28.107965,28.49895
2025-06-04,29.599999999999998,30.3,28.560000000000006,29.11,18.971321001404906,19.055015846916536,28.60959,30.35510777926697,30.199999,29.401194
2025-06-05,29.8,29.6,28.725555555555562,30.710001,18.971321001404906,19.055015846916536,28.643705,29.519401786083858,28.912159,29.937323
2025-06-06,31.9,29.8,28.976666666666674,31.51,18.971321001404906,19.055015846916536,28.119684,29.826185611235896,29.525888,29.35796
2025-06-07,32.6,31.9,29.15777777777778,33.01,18.971321001404906,19.055015846916536,30.136944,31.598116402962937,31.397379,30.939783
2025-06-08,33.7,32.6,29.414444444444445,33.21,18.971321001404906,19.055015846916536,30.48805,32.007618358902164,31.590368,32.14295
2025-06-09,34.4,33.7,29.65,33.71,18.971321001404906,19.055015846916536,31.139034,32.963768716230724,32.78201,32.915203
2025-06-10,35.5,34.4,29.908888888888885,33.41,18.971321001404906,19.055015846916536,31.775827,33.69641279110354,33.33489,33.71629
2025-06-11,34.2,35.5,30.15666666666667,34.01,18.971321001404906,19.055015846916536,32.55368,34.71621000461733,34.51633,34.626045
2025-06-12,33.8,34.2,30.52444444444445,34.01,18.971321001404906,19.055015846916536,32.403294,33.7025878015505,33.09408,33.903866
2025-06-13,32.7,33.8,30.81777777777777,33.109997,18.971321001404906,19.055015846916536,32.24863,33.762141244159864,33.456272,33.475853
2025-06-14,33.4,32.7,31.121111111111116,32.809998,18.971321001404906,19.055015846916536,31.879549,32.953683968512806,32.406403,33.169968
2025-06-15,32.7,33.4,31.317777777777778,32.91,18.971321001404906,19.055015846916536,31.821398,33.6763755198178,33.504753,33.199947
2025-06-16,33.6,32.7,31.50444444444444,33.309998,32.58191786136252,32.58532307028217,31.550892,32.941978830847624,32.421524,33.403168
2025-06-17,33.3,33.6,31.779999999999998,33.109997,32.58191786136252,32.58532307028217,31.67313,33.755075716030724,33.584843,33.268707
2025-06-18,32.1,33.3,32.193333333333335,31.51,32.58191786136252,32.58532307028217,31.969776,33.29243080159604,32.784782,33.555153
2025-06-19,30.3,32.1,32.56,29.61,32.58191786136252,32.58532307028217,30.738249,32.29764373655664,31.788193,32.016605
2025-06-20,30.099999999999998,30.3,32.88444444444444,29.710001,32.58191786136252,32.58532307028217,29.62725,30.85713252094276,30.283792,30.780144
2025-06-21,32.1,30.1,33.18666666666666,31.91,32.58191786136252,32.58532307028217,29.292484,30.835388065924157,30.467922,30.540556
2025-06-22,32.2,32.1,33.61,33.41,32.58191786136252,32.58532307028217,30.551462,32.35272424856401,32.216293,31.664295
2025-06-23,33.9,32.2,33.97666666666666,33.109997,32.58191786136252,32.58532307028217,30.711512,32.119121418553846,31.655958,32.441513
2025-06-24,33.6,33.9,34.32666666666667,33.809998,32.58191786136252,32.58532307028217,31.476065,33.52618623138498,33.431404,33.070305
2025-06-25,35.2,33.6,34.553333333333335,35.41,32.58191786136252,32.58532307028217,31.593908,33.112243309952504,32.524677,33.336224
2025-06-26,35.9,35.2,34.70777777777778,35.41,32.58191786136252,32.58532307028217,32.469,34.58006903926143,34.535942,34.188152
2025-06-27,34.0,35.9,34.74111111111112,33.809998,32.58191786136252,32.58532307028217,33.164764,35.14066989251809,34.793232,35.2351
2025-06-28,33.2,34.0,34.90666666666667,32.609997,32.58191786136252,32.58532307028217,32.415077,33.7134318535007,33.063606,33.624252
2025-06-29,33.1,33.2,35.071111111111115,32.51,32.58191786136252,32.58532307028217,31.840988,33.384930576362144,33.041054,33.089233
2025-06-30,34.6,33.1,35.23,33.71,32.58191786136252,32.58532307028217,32.163643,33.45984878444662,33.057274,33.35587
2025-07-01,33.8,34.6,35.23,34.51,32.58191786136252,32.58532307028217,32.850006,34.639617734281764,34.559795,34.114635
2025-07-02,31.9,33.8,35.28888888888889,34.71,32.58191786136252,32.58532307028217,32.30731,33.78703889788253,33.235386,34.182365
2025-07-03,32.9,31.9,35.48111111111111,33.609997,32.58191786136252,32.58532307028217,30.840239,32.290016111439876,31.710283,31.830605
2025-07-04,32.4,32.9,35.625555555555565,32.51,32.58191786136252,32.58532307028217,31.431099,33.23917195134387,33.054268,32.47068
2025-07-05,31.8,32.4,35.76777777777778,31.51,32.58191786136252,32.58532307028217,31.500666,32.587976288374584,32.039238,32.93851
2025-07-06,32.6,31.8,35.85444444444444,35.109997,32.58191786136252,32.58532307028217,30.262468,32.07451512177418,31.723444,31.890036
2025-07-07,34.1,32.6,35.81111111111111,34.309998,32.58191786136252,32.58532307028217,31.028809,32.81683241096711,32.538483,32.449234
2025-07-08,34.7,34.1,35.69,34.809998,32.58191786136252,32.58532307028217,32.198437,33.90027593404542,33.6681,33.43495
2025-07-09,34.1,34.7,35.53777777777778,34.21,32.58191786136252,32.58532307028217,32.556404,34.17846697988689,33.866787,34.198063
2025-07-10,35.0,34.1,35.472222222222214,35.51,32.58191786136252,32.58532307028217,32.18881,33.75517562822474,33.283627,33.630554
2025-07-11,34.4,35.0,35.44777777777777,34.109997,32.58191786136252,32.58532307028217,32.894604,34.68580859064998,34.49681,34.274586
2025-07-12,33.6,34.4,35.395555555555546,34.41,32.58191786136252,32.58532307028217,32.952206,34.143585114896105,33.617496,34.4126
2025-07-13,34.9,33.6,35.331111111111106,36.21,32.58191786136252,32.58532307028217,32.10025,33.643893455799514,33.26411,33.43134
2025-07-14,37.8,34.9,35.334065934065926,37.21,32.58191786136252,32.58532307028217,33.215805,34.90626427575504,34.787415,34.305874
2025-07-15,36.6,37.8,35.31978021978021,38.309998,32.58191786136252,32.58532307028217,34.93094,37.20902810914462,37.288486,36.339333
2025-07-16,32.9,36.6,35.443956043956035,33.51,35.72947083354717,35.69947084230387,34.10844,35.90554357320181,35.23235,36.039658
2025-07-17,33.3,32.9,35.46923076923076,32.91,35.72947083354717,35.69947084230387,31.920729,33.123860831755955,32.325386,32.652657
2025-07-18,34.8,33.3,35.37582417582417,35.71,35.72947083354717,35.69947084230387,32.194828,33.9228107366203,33.754646,33.185173
2025-07-19,37.3,34.8,35.26593406593406,37.609997,35.72947083354717,35.69947084230387,33.7237,34.992637550430196,34.786182,34.570457
2025-07-20,37.8,37.3,35.09780219780219,38.609997,35.72947083354717,35.69947084230387,34.79438,36.86254608833624,37.005463,36.360928
2025-07-21,37.4,37.8,35.06703296703296,37.71,35.72947083354717,35.69947084230387,34.812088,37.114203523164655,36.747295,36.75862
2025-07-22,38.4,37.4,35.199999999999996,38.21,35.72947083354717,35.69947084230387,34.562317,36.81397132625094,36.405067,36.394337
2025-07-23,37.3,38.4,35.37142857142857,37.41,35.72947083354717,35.69947084230387,35.34718,37.75012315682572,37.660168,37.02378
2025-07-24,37.1,37.3,35.442857142857136,37.109997,35.72947083354717,35.69947084230387,35.383442,36.89123793040092,36.321377,36.95704
2025-07-25,33.6,37.1,35.452747252747244,35.51,35.72947083354717,35.69947084230387,35.234547,37.02106132842193,36.86684,36.633743
2025-07-26,29.8,33.6,35.474725274725266,29.710001,35.72947083354717,35.69947084230387,33.178085,34.20036340037307,33.273273,34.583755
2025-07-27,29.3,29.8,35.54285714285714,29.41,35.72947083354717,35.69947084230387,30.47463,31.308865599291448,30.67421,32.000576
2025-07-28,31.6,29.3,35.494505494505496,31.91,35.72947083354717,35.69947084230387,29.960577,31.007584805521212,30.697468,31.22109
2025-07-29,32.4,31.6,35.282222222222224,32.11,35.72947083354717,35.69947084230387,30.648947,32.60903845791664,32.485657,32.17024
2025-07-30,33.2,32.4,35.21888888888889,33.71,35.72947083354717,35.69947084230387,30.728693,32.6115597230951,32.272114,33.06116
2025-07-31,33.5,33.2,35.163333333333334,37.21,35.72947083354717,35.69947084230387,31.099197,33.053731691832354,32.768177,33.053253
2025-08-01,35.3,33.5,35.16444444444445,37.91,35.72947083354717,35.69947084230387,31.29938,33.1096189738633,32.652325,33.11421
2025-08-02,37.8,35.3,35.17,37.41,35.72947083354717,35.69947084230387,32.374813,34.580647248400126,34.483837,34.225437
2025-08-03,35.6,37.8,35.13777777777778,35.21,35.72947083354717,35.69947084230387,33.951115,36.64769737781715,36.665756,35.956383
2025-08-04,33.9,35.6,35.17111111111111,33.51,35.72947083354717,35.69947084230387,33.12898,34.832675746294534,33.994106,35.055077
2025-08-05,33.3,33.9,34.97333333333333,33.01,35.72947083354717,35.69947084230387,32.346653,33.921477354188625,33.509064,33.45626
2025-08-06,32.9,33.3,34.77111111111111,33.01,35.72947083354717,35.69947084230387,32.65867,33.72314702039046,33.27664,33.70493
2025-08-07,33.7,32.9,34.60111111111111,33.21,35.72947083354717,35.69947084230387,31.911146,33.38841744278412,33.02885,33.54899
2025-08-08,34.4,33.7,34.49222222222222,33.309998,35.72947083354717,35.69947084230387,31.985838,34.03688420342315,33.87708,33.88299
2025-08-09,34.4,34.4,34.45333333333333,33.809998,35.72947083354717,35.69947084230387,32.622093,34.498883173114464,34.174118,34.448174
2025-08-10,33.7,34.4,34.376666666666665,33.51,35.72947083354717,35.69947084230387,32.543194,34.27195878227671,33.880764,34.168953
2025-08-11,31.7,33.7,34.22222222222223,31.41,35.72947083354717,35.69947084230387,32.206932,33.64470467504217,33.173664,33.455128
2025-08-12,31.8,31.7,34.14777777777778,31.11,35.72947083354717,35.69947084230387,30.809837,32.05300743017142,31.414635,31.961594
2025-08-13,33.3,31.8,34.22666666666666,32.11,35.72947083354717,35.69947084230387,30.57253,32.32106969580367,32.059025,31.909334
2025-08-14,33.2,33.3,34.18777777777778,32.809998,35.72947083354717,35.69947084230387,31.879393,33.48870199367173,33.28925,33.018974
2025-08-15,34.6,33.2,34.06555555555556,33.609997,33.216633207644655,33.228273877022055,31.605402,33.157509887550304,32.722584,33.38466
2025-08-16,31.7,34.6,33.888888888888886,31.31,33.216633207644655,33.228273877022055,32.335705,34.33910595435045,34.230263,33.936817
2025-08-17,31.1,31.7,33.72666666666666,32.41,33.216633207644655,33.228273877022055,30.782907,31.748688318424,30.79747,32.010307
2025-08-18,33.4,31.1,33.60777777777778,33.609997,33.216633207644655,33.228273877022055,29.822,31.555553791941364,31.28849,31.04116
2025-08-19,35.6,33.4,33.528888888888886,36.309998,33.216633207644655,33.228273877022055,32.132343,33.51696128154618,33.409405,32.681385
2025-08-20,35.2,35.6,33.53666666666666,35.21,33.216633207644655,33.228273877022055,33.352596,35.090658823241505,34.976696,34.704494
2025-08-21,33.5,35.2,33.35111111111111,33.91,33.216633207644655,33.228273877022055,32.78078,34.54033238441379,34.08294,34.606274
2025-08-22,33.4,33.5,33.14777777777778,33.51,33.216633207644655,33.228273877022055,31.816603,33.36854093436266,32.748093,32.93203
2025-08-23,34.4,33.4,32.99222222222222,33.91,33.216633207644655,33.228273877022055,32.201733,33.48329479046742,33.14785,33.1578
2025-08-24,33.4,34.4,32.74111111111111,33.809998,33.216633207644655,33.228273877022055,32.90026,34.340204693013995,34.13624,33.910774
2025-08-25,34.6,33.4,32.49333333333333,34.609997,33.216633207644655,33.228273877022055,32.066822,33.451537264594144,32.940186,33.75719
2025-08-26,34.1,34.6,32.30333333333334,34.809998,33.216633207644655,33.228273877022055,32.532608,34.645538355019774,34.567818,34.097458
2025-08-27,34.5,34.1,32.12444444444445,34.71,33.216633207644655,33.228273877022055,32.647236,34.04118971524188,33.455456,34.307808
2025-08-28,32.1,34.5,31.974444444444448,32.21,33.216633207644655,33.228273877022055,32.599136,34.388995461809664,34.18541,34.145172
2025-08-29,29.0,32.1,31.846666666666664,28.11,33.216633207644655,33.228273877022055,31.33182,32.33843137995567,31.566622,32.62641
2025-08-30,30.8,29.0,31.70333333333333,29.61,33.216633207644655,33.228273877022055,28.816832,30.019072382501363,29.377474,30.115427
2025-08-31,32.9,30.8,31.47222222222222,34.41,33.216633207644655,33.228273877022055,29.699661,31.689527541244246,31.613693,30.76058
2025-09-01,34.4,32.9,31.30222222222222,33.91,33.216633207644655,33.228273877022055,31.499754,33.050408568767736,32.80536,32.88801
2025-09-02,29.3,34.4,31.072222222222223,27.710001,33.216633207644655,33.228273877022055,31.974934,33.922876460453814,33.769314,33.758972
2025-09-03,31.1,29.3,30.76,31.91,33.216633207644655,33.228273877022055,28.925299,29.513312434481204,28.338974,29.254757
2025-09-04,32.7,31.1,30.415555555555553,34.41,33.216633207644655,33.228273877022055,29.51526,31.606868113494784,31.638824,30.336136
2025-09-05,34.0,32.7,30.242222222222225,35.41,33.216633207644655,33.228273877022055,31.693302,32.56229464339286,32.145954,32.671238
2025-09-06,34.4,34.0,30.066666666666666,34.21,33.216633207644655,33.228273877022055,31.692572,33.523838540187725,33.422466,33.625134
2025-09-07,32.7,34.4,29.933333333333337,34.01,33.216633207644655,33.228273877022055,31.99118,33.85925033288204,33.515095,34.207672
2025-09-08,29.5,32.7,29.887777777777778,28.91,33.216633207644655,33.228273877022055,30.961866,32.57154315328385,31.848536,32.56301
2025-09-09,29.599999999999998,29.5,29.91444444444444,32.21,33.216633207644655,33.228273877022055,28.916752,29.973527840501944,29.273022,30.04576
2025-09-10,24.6,29.6,29.88,24.41,33.216633207644655,33.228273877022055,28.90078,30.48365174361953,30.225851,30.049824
2025-09-11,26.9,24.6,29.803333333333335,25.91,33.216633207644655,33.228273877022055,26.156094,26.102422728952384,25.19443,27.557627
2025-09-12,28.0,26.9,29.682222222222222,27.51,33.216633207644655,33.228273877022055,26.20759,28.36183444706511,28.379934,27.304455
2025-09-13,29.100000000000005,28.0,29.468888888888888,29.41,33.216633207644655,33.228273877022055,27.456047,28.64434102581841,28.103672,29.214794
2025-09-14,31.4,29.1,29.261111111111113,31.01,29.465210662138816,29.46736139204929,27.321384,29.148406421382493,28.880861,29.153269
2025-09-15,31.2,31.4,29.051111111111116,31.210001,29.465210662138816,29.46736139204929,28.938538,30.807586891059877,30.618887,30.65034
2025-09-16,32.5,31.2,28.818888888888885,32.01,29.465210662138816,29.46736139204929,28.73928,30.516485183155734,29.889124,30.956387
2025-09-17,31.8,32.5,28.735555555555553,31.210001,29.465210662138816,29.46736139204929,29.80125,31.670014221230435,31.52892,31.472338
2025-09-18,30.7,31.8,28.68888888888889,29.91,29.465210662138816,29.46736139204929,30.06764,31.263410192714762,30.661905,31.55896
2025-09-19,29.3,30.7,28.624444444444446,29.61,29.465210662138816,29.46736139204929,29.224361,30.641023312641664,30.1851,30.388329
2025-09-20,25.800000000000004,29.3,28.348888888888887,26.210001,29.465210662138816,29.46736139204929,28.544432,29.703753573483702,29.17795,29.699953
2025-09-21,27.7,25.8,28.132222222222218,29.51,29.465210662138816,29.46736139204929,26.193073,26.94602475145685,26.23016,27.121025
2025-09-22,23.999999999999996,27.7,27.91333333333333,25.81,29.465210662138816,29.46736139204929,26.752005,28.745085170180747,28.646622,27.80189
2025-09-23,25.5,24.0,27.674444444444443,27.210001,29.465210662138816,29.46736139204929,25.1234,25.16217407671343,24.305548,26.62626
2025-09-24,23.000000000000004,25.5,27.441111111111113,25.31,29.465210662138816,29.46736139204929,24.527092,26.573515343171337,26.4614,25.479067
2025-09-25,22.199999999999996,23.0,27.064444444444447,24.01,29.465210662138816,29.46736139204929,23.925922,23.97972301669693,23.226858,25.398283
2025-09-26,19.8,22.2,26.797777777777778,24.31,29.465210662138816,29.46736139204929,21.674788,23.33816454603045,22.97871,22.62476
2025-09-27,20.6,19.8,26.322222222222223,21.51,29.465210662138816,29.46736139204929,20.829334,21.044675321363354,20.55306,21.747293
2025-09-28,23.7,20.6,26.02111111111111,23.81,29.465210662138816,29.46736139204929,20.317595,21.83674769907814,21.499804,21.052088
2025-09-29,21.3,23.7,25.745555555555555,23.51,29.465210662138816,29.46736139204929,22.567041,23.945648637416678,23.684559,23.231756
2025-09-30,23.2,21.3,25.474444444444444,24.31,29.465210662138816,29.46736139204929,20.771124,21.50498855802839,20.9168,21.291096
2025-10-01,25.4,23.2,25.184444444444445,25.51,29.465210662138816,29.46736139204929,21.952934,23.312293407870712,23.113514,21.994396
2025-10-02,20.9,25.4,24.771111111111107,20.710001,29.465210662138816,29.46736139204929,24.133123,24.96597971661045,24.523968,24.684395
2025-10-03,21.699999999999996,20.9,24.419999999999998,20.81,29.465210662138816,29.46736139204929,19.907217,20.94011448084343,20.287098,20.410862
2025-10-04,23.3,21.7,24.181111111111107,22.61,29.465210662138816,29.46736139204929,21.087292,22.29972550030276,22.12009,21.143375
2025-10-05,25.5,23.3,24.06777777777778,23.81,29.465210662138816,29.46736139204929,22.861311,23.632392344882163,23.143742,23.480581
2025-10-06,22.7,25.5,23.811111111111117,21.56,29.465210662138816,29.46736139204929,23.406643,25.141945302924398,24.932636,24.724546
2025-10-07,24.7,22.7,23.52222222222222,23.710001,29.465210662138816,29.46736139204929,22.047775,22.65840211503515,22.056925,22.409687
2025-10-08,24.3,24.7,23.216666666666665,23.51,29.465210662138816,29.46736139204929,23.310165,24.86939500641122,24.618372,23.753922
2025-10-09,21.4,24.3,22.82,23.31,29.465210662138816,29.46736139204929,23.803337,24.16247790256985,23.573473,24.71683
2025-10-10,18.4,21.4,22.60222222222222,17.51,29.465210662138816,29.46736139204929,20.489902,21.871882689007343,21.408373,20.949657
2025-10-11,17.8,18.4,22.39666666666667,17.91,29.465210662138816,29.46736139204929,19.247185,19.72648870629369,19.331839,19.645206
2025-10-12,20.8,17.8,22.43777777777778,20.76,29.465210662138816,29.46736139204929,18.677973,19.454475164319486,19.069,19.334902
2025-10-13,21.6,20.8,22.30111111111111,21.56,29.465210662138816,29.46736139204929,20.11761,21.608372796034235,21.36396,20.843174
2025-10-14,22.9,21.6,22.176666666666662,24.960001,21.72063854956003,21.851924986071324,20.8888,21.763023450937688,21.386883,21.802958
2025-10-15,22.1,22.9,22.176666666666666,21.31,21.72063854956003,21.851924986071324,21.819492,22.69904240553462,22.384115,22.080454
2025-10-16,20.200000000000003,22.1,22.008888888888887,19.210001,21.72063854956003,21.851924986071324,21.292246,21.86230747760649,21.330261,21.45124
2025-10-17,15.7,20.2,21.80111111111111,16.81,21.72063854956003,21.851924986071324,19.294071,20.405506019169483,19.964516,19.403038
2025-10-18,16.2,15.7,21.48222222222222,16.86,21.72063854956003,21.851924986071324,16.480406,16.889213188510958,16.551243,16.456379
2025-10-19,19.5,16.2,21.24222222222222,19.91,21.72063854956003,21.851924986071324,16.62894,17.826457951351117,17.587719,17.200338
2025-10-20,22.0,19.5,20.947777777777773,22.01,21.72063854956003,21.851924986071324,19.085327,20.253296910608015,19.950117,19.556183
2025-10-21,22.9,22.0,20.68444444444444,22.460001,21.72063854956003,21.851924986071324,20.70533,21.78819698821545,21.514128,21.037941
2025-10-22,21.699999999999996,22.9,20.45777777777778,20.91,21.72063854956003,21.851924986071324,21.684395,22.241725476436816,21.886133,21.898756
2025-10-23,23.8,21.7,20.396666666666665,23.16,21.72063854956003,21.851924986071324,20.64033,21.27663454949954,20.747206,20.482565
2025-10-24,27.5,23.8,20.344444444444445,25.91,21.72063854956003,21.851924986071324,21.905231,23.279279050357378,23.02551,22.343996
2025-10-25,28.5,27.5,20.275555555555556,27.91,21.72063854956003,21.851924986071324,24.99693,26.402619300876854,26.226997,25.539791
2025-10-26,26.799999999999997,28.5,20.175555555555555,25.26,21.72063854956003,21.851924986071324,25.677063,27.207431377502996,26.83124,27.14441
2025-10-27,19.2,26.8,19.848888888888887,18.41,21.72063854956003,21.851924986071324,25.074108,26.097054438311694,25.523928,25.329447
2025-10-28,20.4,19.2,19.547777777777778,20.36,21.72063854956003,21.851924986071324,20.069012,20.202544002447194,19.362907,19.732973
2025-10-29,20.0,20.4,19.194444444444443,20.61,21.72063854956003,21.851924986071324,20.37087,22.06136910985666,21.871632,21.67033
2025-10-30,19.399999999999995,20.0,18.717777777777776,19.86,21.72063854956003,21.851924986071324,21.080702,21.33232676097567,20.857454,22.653084
2025-10-31,22.3,19.4,18.46555555555555,21.86,21.72063854956003,21.851924986071324,19.36197,20.642162001027916,20.408785,20.532389
2025-11-01,23.2,22.3,18.298888888888886,22.11,21.72063854956003,21.851924986071324,21.726759,22.89170253832682,22.620703,22.314812
2025-11-02,21.8,23.2,18.128888888888888,20.460001,21.72063854956003,21.851924986071324,21.983734,23.09090616050532,22.552694,23.217024
2025-11-03,18.7,21.8,17.804444444444446,17.26,21.72063854956003,21.851924986071324,20.505793,21.56641637911426,21.155426,20.42066
2025-11-04,19.7,18.7,17.612222222222222,18.710001,21.72063854956003,21.851924986071324,18.726566,19.321038584060606,18.855711,18.190025
2025-11-05,21.0,19.7,17.44333333333333,20.36,21.72063854956003,21.851924986071324,19.15211,20.52680260503982,20.211224,19.67099
2025-11-06,21.0,21.0,17.267777777777777,20.210001,21.72063854956003,21.851924986071324,20.22224,21.357396251573107,21.022903,21.100023
2025-11-07,14.5,21.0,17.043333333333333,13.96,21.72063854956003,21.851924986071324,20.020254,21.223742433240304,20.895164,20.806213
2025-11-08,16.4,14.5,16.754444444444445,16.31,21.72063854956003,21.851924986071324,15.761496,15.736024459498221,15.357316,14.809195
2025-11-09,13.899999999999999,16.4,16.388888888888893,12.41,21.72063854956003,21.851924986071324,16.303558,17.939663963163422,17.671722,16.665176
2025-11-10,18.7,13.9,16.006666666666664,18.16,21.72063854956003,21.851924986071324,15.6112385,15.201345013439296,14.886457,16.957624
2025-11-11,20.1,18.7,15.806666666666668,20.11,21.72063854956003,21.851924986071324,16.980988,19.322992776003346,19.206108,17.87822
2025-11-12,22.0,20.1,15.48,22.460001,21.72063854956003,21.851924986071324,19.62682,19.808016907332423,19.403828,20.542963
2025-11-13,19.399999999999995,22.0,15.29,18.76,21.293333421002856,21.36905069457492,20.214222,21.3210953001148,21.0256,20.69038
2025-11-14,17.7,19.4,15.235555555555553,17.41,21.293333421002856,21.36905069457492,18.863647,18.895152617500976,18.419,18.422825
2025-11-15,19.8,17.7,14.973333333333333,19.960001,21.293333421002856,21.36905069457492,16.852083,18.129951250830533,17.785297,17.252937
2025-11-16,20.4,19.8,14.704444444444443,19.26,21.293333421002856,21.36905069457492,19.243853,20.08386672885714,19.840782,19.156822
2025-11-17,15.0,20.4,14.412222222222221,15.01,21.293333421002856,21.36905069457492,19.275608,20.507923200451216,20.152172,20.396273
2025-11-18,13.1,15.0,14.27,13.110001,21.293333421002856,21.36905069457492,15.466684,15.91153544615782,15.635028,14.970661
2025-11-19,13.399999999999999,13.1,14.11111111111111,12.610001,21.293333421002856,21.36905069457492,14.096213,14.942397234343748,14.755283,14.304955
2025-11-20,12.1,13.4,13.956666666666665,12.51,21.293333421002856,21.36905069457492,14.523974,15.027974870669564,14.743511,14.867771
2025-11-21,8.5,12.1,13.666666666666664,8.91,21.293333421002856,21.36905069457492,12.941901,13.476713275408049,13.4363785,13.5494585
2025-11-22,6.2,8.5,13.393333333333334,5.91,21.293333421002856,21.36905069457492,11.473316,10.363329616230983,10.592146,9.770012
2025-11-23,11.4,6.2,13.252222222222223,11.26,21.293333421002856,21.36905069457492,9.571462,8.529713353867516,8.781835,8.494558
2025-11-24,15.7,11.4,13.228888888888887,13.96,21.293333421002856,21.36905069457492,11.426646,12.56592102985237,12.361941,11.2849455
2025-11-25,12.6,15.7,13.033333333333335,11.21,21.293333421002856,21.36905069457492,15.008696,15.223425742480991,15.124041,14.939385
2025-11-26,8.9,12.6,12.740000000000002,7.8599997,21.293333421002856,21.36905069457492,12.356153,12.173684038097448,12.31186,12.14115
2025-11-27,5.4,8.9,12.748888888888892,6.0600004,21.293333421002856,21.36905069457492,9.821939,9.624700389114542,9.884916,9.76118
2025-11-28,6.8,5.4,12.74666666666667,7.0600004,21.293333421002856,21.36905069457492,8.209103,7.070382306644989,7.4242682,8.9505
2025-11-29,9.9,6.8,12.623333333333333,13.610001,21.293333421002856,21.36905069457492,8.804848,8.402874496586051,8.680719,7.9177437
2025-11-30,9.699999999999998,9.9,12.625555555555552,14.46,21.293333421002856,21.36905069457492,10.425587,10.73118434139641,10.853275,11.16982
2025-12-01,10.600000000000001,9.7,12.616666666666667,12.51,21.293333421002856,21.36905069457492,10.484124,10.13056202845711,10.39261,10.695616
2025-12-02,11.0,10.6,12.621111111111112,11.610001,21.293333421002856,21.36905069457492,11.0937195,10.764384264297243,10.941804,11.20295
2025-12-03,11.6,11.0,12.573333333333332,9.66,21.293333421002856,21.36905069457492,11.058259,10.96195417573492,11.073316,11.54959
2025-12-04,8.0,11.6,12.627777777777778,8.01,21.293333421002856,21.36905069457492,10.845704,11.452704103975623,11.624111,11.503474
2025-12-05,9.8,8.0,12.74111111111111,9.71,21.293333421002856,21.36905069457492,9.046516,8.56293163440566,9.017267,9.167803
2025-12-06,11.999999999999998,9.8,12.896666666666667,11.91,21.293333421002856,21.36905069457492,9.501054,10.682613575230453,10.789055,10.184896
2025-12-07,16.1,12.0,12.90888888888889,14.360001,21.293333421002856,21.36905069457492,11.825226,12.233471244337098,12.232929,12.56681
2025-12-08,16.2,16.1,12.855555555555556,15.46,21.293333421002856,21.36905069457492,14.820095,15.464771576158897,15.4420395,14.636351
2025-12-09,14.799999999999999,16.2,12.745555555555555,15.31,21.293333421002856,21.36905069457492,15.749537,15.261081382420377,15.177422,15.496712
2025-12-10,14.799999999999999,14.8,12.75333333333333,14.610001,21.293333421002856,21.36905069457492,14.371812,14.435492687231354,14.322093,13.530937
2025-12-11,14.1,14.8,12.766666666666667,13.360001,21.293333421002856,21.36905069457492,14.275396,14.760452682649104,14.644193,14.465443
2025-12-12,11.3,14.1,12.693333333333335,11.46,21.293333421002856,21.36905069457492,13.50394,14.415205249100762,14.29272,14.218884
2025-12-13,10.9,11.3,12.62777777777778,11.860001,11.393271203778262,11.460088474022028,11.736495,12.253770489105554,12.330262,11.760967
2025-12-14,9.9,10.9,12.617777777777778,9.31,11.393271203778262,11.460088474022028,11.516366,12.303346578292158,12.296909,11.622946
2025-12-15,10.7,9.9,12.632222222222223,10.66,11.393271203778262,11.460088474022028,11.147342,11.272403252074565,11.312148,11.096767
2025-12-16,10.3,10.7,12.72111111111111,11.06,11.393271203778262,11.460088474022028,10.882093,11.763328322813745,11.825729,10.97575
2025-12-17,7.7,10.3,12.973333333333333,9.76,11.393271203778262,11.460088474022028,10.940982,11.135290367574779,11.2487755,11.26238
2025-12-18,8.9,7.7,13.315555555555553,8.16,11.393271203778262,11.460088474022028,9.339866,8.839854217574171,9.182293,8.644559
2025-12-19,9.699999999999998,8.9,13.394444444444444,7.5600004,11.393271203778262,11.460088474022028,9.327311,9.934156949495137,10.0928955,9.637247
2025-12-20,8.0,9.7,13.357777777777779,8.26,11.393271203778262,11.460088474022028,9.859256,10.316559321449489,10.458445,10.554243
2025-12-21,8.9,8.0,13.274444444444445,8.01,11.393271203778262,11.460088474022028,9.055997,8.670900453556577,9.104368,8.969816
2025-12-22,3.8,8.9,13.26666666666667,5.01,11.393271203778262,11.460088474022028,9.337622,9.631999339834382,9.865825,9.742826
2025-12-23,5.4,3.8,13.173333333333332,4.5600004,11.393271203778262,11.460088474022028,7.4579434,5.147450633473019,5.881147,6.4581847
2025-12-24,8.9,5.4,13.10777777777778,7.6099997,11.393271203778262,11.460088474022028,7.249459,6.876919283320849,7.265549,6.7486606
2025-12-25,8.1,8.9,13.137647058823532,9.56,11.393271203778262,11.460088474022028,9.526988,9.463149844589026,9.579101,10.525502
2025-12-26,6.6,8.1,13.208235294117653,5.8599997,11.393271203778262,11.460088474022028,8.651266,8.2825991722993,8.764991,9.737883
2025-12-27,9.6,6.6,13.225882352941182,9.610001,11.393271203778262,11.460088474022028,7.5359473,7.096804321376054,7.694492,8.629698
2025-12-28,8.700000000000001,9.6,13.232941176470593,8.81,11.393271203778262,11.460088474022028,9.779945,9.921866068400485,9.998394,10.541209
2025-12-29,7.3,8.7,13.275294117647062,7.8599997,11.393271203778262,11.460088474022028,8.79919,8.66452441227727,9.079386,10.290699
2025-12-30,7.3,7.3,13.036470588235296,6.51,11.393271203778262,11.460088474022028,7.9011755,7.78324937321381,8.355005,8.558787
2025-12-31,8.300000000000002,7.3,12.76117647058824,8.26,11.393271203778262,11.460088474022028,8.337152,8.1377554320745,8.483117,9.1444
2026-01-01,9.9,8.3,11.985882352941177,10.51,11.393271203778262,11.460088474022028,8.54474,8.902262220249932,9.1674185,9.019645
2026-01-02,12.499999999999998,9.9,11.728235294117647,14.41,11.393271203778262,11.460088474022028,9.709254,10.038560305488254,10.316602,10.555498
2026-01-03,10.100000000000001,12.5,11.459999999999999,11.110001,11.393271203778262,11.460088474022028,12.291739,12.212172133766058,12.301991,12.202394
2026-01-04,9.5,10.1,11.148235294117645,9.76,11.393271203778262,11.460088474022028,10.303922,9.994225406640295,10.276699,10.572261
2026-01-05,11.999999999999998,9.5,10.705882352941176,11.96,11.393271203778262,11.460088474022028,9.309521,9.923099372038148,10.193446,10.100718
2026-01-06,7.2,12.0,10.503529411764704,7.5600004,11.393271203778262,11.460088474022028,11.72328,12.202994387073614,12.206692,11.936605
2026-01-07,3.6999999999999997,7.2,10.495294117647058,1.71,11.393271203778262,11.460088474022028,9.084399,7.930558808045551,8.452599,9.011975
2026-01-08,7.7,3.7,10.635555555555559,6.51,11.393271203778262,11.460088474022028,7.5649476,5.585012635018182,6.2674885,6.577266
2026-01-09,11.8,7.7,10.555555555555557,10.41,11.393271203778262,11.460088474022028,8.92479,9.234669375181122,9.186912,9.330324
2026-01-10,8.4,11.8,10.57,8.26,11.393271203778262,11.460088474022028,11.236001,11.815475656657137,11.833749,12.423641
2026-01-11,7.5,8.4,10.561111111111112,7.01,11.393271203778262,11.460088474022028,9.233845,8.394312243594172,8.995613,10.093798
2026-01-12,9.6,7.5,10.36888888888889,9.31,7.743298534246844,7.855734396966723,8.652153,8.27989805711309,8.645553,9.458056
2026-01-13,8.700000000000001,9.6,10.373333333333333,8.66,7.743298534246844,7.855734396966723,9.476641,10.02206174822215,10.087255,10.734284
2026-01-14,10.100000000000001,8.7,10.32,10.56,7.743298534246844,7.855734396966723,8.77778,8.904085633990952,9.3335285,9.791918
2026-01-15,7.8,10.1,10.204444444444446,9.41,7.743298534246844,7.855734396966723,9.91857,10.405864146365293,10.688655,10.9673195
2026-01-16,8.700000000000001,7.8,10.047777777777778,7.41,7.743298534246844,7.855734396966723,9.230567,8.48409175575449,8.836041,9.6774025
2026-01-17,9.0,8.7,9.936666666666666,9.81,7.743298534246844,7.855734396966723,8.626561,9.384427234197986,9.641935,9.382174
2026-01-18,5.300000000000001,9.0,9.988888888888889,6.6099997,7.743298534246844,7.855734396966723,9.392476,9.471646601117456,9.742118,10.443039
2026-01-19,5.5,5.3,10.176666666666666,5.21,7.743298534246844,7.855734396966723,7.650381,6.376040712435365,6.9983783,6.8410845
2026-01-20,5.6,5.5,10.527777777777779,3.46,7.743298534246844,7.855734396966723,7.335811,6.8634165478886455,7.3140974,7.2743936
2026-01-21,7.0,5.6,10.764444444444445,4.96,7.743298534246844,7.855734396966723,7.903539,6.794459429213008,7.2119327,7.1282277
2026-01-22,7.7,7.0,10.857777777777779,6.8100004,7.743298534246844,7.855734396966723,7.8627486,7.685973355140479,8.099127,8.043077
2026-01-23,11.6,7.7,10.864444444444445,9.76,7.743298534246844,7.855734396966723,8.611186,8.058696406450023,8.478491,9.171773
2026-01-24,6.8,11.6,10.965555555555556,8.21,7.743298534246844,7.855734396966723,11.358205,11.305334520418182,11.393349,11.499583
2026-01-25,7.2,6.8,11.0,5.46,7.743298534246844,7.855734396966723,8.290582,6.803675412644158,7.4229207,9.105788
2026-01-26,11.0,7.2,11.024444444444443,8.41,7.743298534246844,7.855734396966723,7.705635,7.9331708839392245,8.34371,8.954144
2026-01-27,15.299999999999999,11.0,11.248888888888887,16.16,7.743298534246844,7.855734396966723,11.137323,11.134867065851624,11.148611,11.91438
2026-01-28,13.6,15.3,11.574444444444445,12.81,7.743298534246844,7.855734396966723,13.902362,14.405978369142703,14.432422,13.951752
2026-01-29,14.9,13.6,11.913333333333334,12.66,7.743298534246844,7.855734396966723,13.270934,12.715857557471411,12.87896,13.426127
2026-01-30,12.900000000000002,14.9,12.261111111111111,12.96,7.743298534246844,7.855734396966723,14.589956,14.532627441528456,14.45791,14.004123
2026-01-31,11.0,12.9,12.486666666666666,10.51,7.743298534246844,7.855734396966723,12.739719,12.786619168850889,12.725046,13.536353
2026-02-01,10.2,11.0,12.80111111111111,10.26,7.743298534246844,7.855734396966723,10.731013,11.642318392152832,11.801999,11.326209
2026-02-02,15.7,10.2,13.022222222222222,17.06,7.743298534246844,7.855734396966723,10.983237,11.344370558396928,11.457847,11.5062475
2026-02-03,9.6,15.7,13.161111111111111,7.76,7.743298534246844,7.855734396966723,14.646235,16.089966755036603,15.857394,14.382493
2026-02-04,10.4,9.6,13.242222222222221,11.31,7.743298534246844,7.855734396966723,11.491975,10.10586797145192,10.33146,11.376267
2026-02-05,18.7,10.4,13.346666666666668,17.26,7.743298534246844,7.855734396966723,10.278139,11.569602038667622,11.66682,10.791681
2026-02-06,16.0,18.7,13.409999999999997,13.26,7.743298534246844,7.855734396966723,17.926737,18.305976988152814,17.957502,17.01705
2026-02-07,11.500000000000002,16.0,13.508888888888889,9.110001,7.743298534246844,7.855734396966723,14.778371,15.02746570754563,14.812354,16.005817
2026-02-08,12.900000000000002,11.5,13.587777777777776,8.26,7.743298534246844,7.855734396966723,11.513917,11.825603716456873,12.068861,11.219928
2026-02-09,13.1,12.9,13.712222222222222,8.46,7.743298534246844,7.855734396966723,13.455225,13.934793985102072,13.653957,13.722613
2026-02-10,12.1,13.1,13.756666666666666,11.91,7.743298534246844,7.855734396966723,12.554953,13.618564228419663,13.501586,13.695964
2026-02-11,13.5,12.1,13.88111111111111,13.360001,12.189770047477339,12.185836620205256,11.683145,12.708363383556913,12.885951,12.535103
2026-02-12,14.5,13.5,13.895555555555555,11.360001,12.189770047477339,12.185836620205256,13.801773,14.253388206480007,14.115408,13.541001
2026-02-13,14.6,14.5,14.004444444444445,19.01,12.189770047477339,12.185836620205256,14.148555,14.727933804891256,14.531708,14.410449
2026-02-14,10.2,14.6,14.144444444444442,5.26,12.189770047477339,12.185836620205256,13.828808,14.547014033463514,14.493472,13.939977
2026-02-15,9.200000000000001,10.2,14.386666666666663,8.01,12.189770047477339,12.185836620205256,10.909919,10.985327858217527,11.114718,10.52086
2026-02-16,13.3,9.2,14.396666666666665,11.51,12.189770047477339,12.185836620205256,9.961961,10.671958998941381,10.778148,10.367902
2026-02-17,14.7,13.3,14.371111111111112,13.91,12.189770047477339,12.185836620205256,13.09392,14.024884368830204,13.851613,13.202518
2026-02-18,19.6,14.7,14.37,17.710001,12.189770047477339,12.185836620205256,13.9124365,14.607898209099545,14.542863,14.970464
2026-02-19,11.6,19.6,14.34111111111111,11.56,12.189770047477339,12.185836620205256,18.37644,18.657017876823055,18.594885,17.406061
2026-02-20,10.9,11.6,14.19888888888889,10.26,12.189770047477339,12.185836620205256,12.421109,11.579880731705645,11.41651,11.9268265
2026-02-21,15.1,10.9,14.07222222222222,14.21,12.189770047477339,12.185836620205256,10.323263,12.032129956711593,12.094278,11.656682
2026-02-22,18.4,15.1,14.02,16.51,12.189770047477339,12.185836620205256,15.614681,15.598295627545129,15.320722,15.780387
2026-02-23,18.6,18.4,13.953333333333333,17.210001,12.189770047477339,12.185836620205256,16.207031,17.94041939655381,17.780548,17.536299
2026-02-24,19.5,18.6,13.841111111111115,17.91,12.189770047477339,12.185836620205256,17.610804,17.84111407210789,17.706888,18.274467
2026-02-25,18.6,19.5,13.74888888888889,17.210001,12.189770047477339,12.185836620205256,18.745079,19.029555495324477,18.643335,18.558105
2026-02-26,18.4,18.6,13.656666666666668,17.11,12.189770047477339,12.185836620205256,17.313314,18.125316582432827,17.734333,17.839226
2026-02-27,17.8,18.4,13.747777777777777,16.460001,12.189770047477339,12.185836620205256,17.224407,18.309916419337934,18.085268,17.584814
2026-02-28,17.7,17.8,13.7,16.66,12.189770047477339,12.185836620205256,17.407667,18.12973561799553,17.842583,17.675209
2026-03-01,16.2,17.7,13.554444444444446,15.51,12.189770047477339,12.185836620205256,17.133848,18.253748556118232,17.966536,17.333128
2026-03-02,14.300000000000002,16.2,13.458888888888888,14.860001,12.189770047477339,12.185836620205256,16.169395,16.94502104764307,16.66661,16.370474
2026-03-03,17.3,14.3,13.53111111111111,17.61,12.189770047477339,12.185836620205256,14.459563,15.459185972622391,15.248291,14.429828
2026-03-04,18.1,17.3,13.65222222222222,17.960001,12.189770047477339,12.185836620205256,16.833399,18.016147708398893,17.75814,16.51115
2026-03-05,13.8,18.1,13.88111111111111,12.16,12.189770047477339,12.185836620205256,17.503796,18.182920370053726,17.846676,18.132761
2026-03-06,12.2,13.8,14.246666666666668,11.96,12.189770047477339,12.185836620205256,13.66998,14.429358808525288,14.275695,13.102765
2026-03-07,14.2,12.2,14.648888888888889,14.96,12.189770047477339,12.185836620205256,12.7641115,13.585384135768255,13.464628,12.950129
2026-03-08,16.8,14.2,15.059999999999999,15.41,12.189770047477339,12.185836620205256,14.156165,15.241433608352258,14.958043,14.6189375
2026-03-09,14.300000000000002,16.8,15.379999999999997,14.01,12.189770047477339,12.185836620205256,15.58636,16.92406594093468,16.757402,16.54689
2026-03-10,13.1,14.3,15.692222222222224,14.31,12.189770047477339,12.185836620205256,14.137956,14.571658663077292,14.449763,14.265391
2026-03-11,11.8,13.1,15.896666666666667,13.01,12.189770047477339,12.185836620205256,13.172786,13.923910767870497,13.792493,13.039569
2026-03-12,13.3,11.8,16.09333333333333,13.21,12.189770047477339,12.185836620205256,12.122074,12.772540691718172,12.666076,12.8564205
2026-03-13,14.9,13.3,16.08222222222222,14.21,13.967922236950518,13.890527848735726,12.708507,14.034573460916596,13.963943,12.997068
2026-03-14,14.6,14.9,15.882222222222222,14.31,13.967922236950518,13.890527848735726,14.5890255,15.165832071936325,15.054991,15.12221
2026-03-15,10.0,14.6,15.783333333333333,6.71,13.967922236950518,13.890527848735726,14.259512,14.788080643995182,14.652608,14.180882
2026-03-16,8.6,10.0,15.891111111111112,8.51,13.967922236950518,13.890527848735726,10.890189,10.886497281972012,11.013663,10.334355
2026-03-17,14.1,8.6,16.074444444444445,13.110001,13.967922236950518,13.890527848735726,9.734524,10.190733768725941,10.325002,10.109125
2026-03-18,17.7,14.1,16.124444444444446,17.41,13.967922236950518,13.890527848735726,13.615898,14.745003559875949,14.519956,13.555504
2026-03-19,20.5,17.7,16.29,19.710001,13.967922236950518,13.890527848735726,16.5791,17.0233340657383,16.886162,16.628492
2026-03-20,22.6,20.5,16.227777777777778,22.710001,13.967922236950518,13.890527848735726,18.90395,19.15011868916316,19.044762,18.490402
2026-03-21,16.3,22.6,16.096666666666668,16.01,13.967922236950518,13.890527848735726,20.558132,20.979030926460315,20.642153,20.43528
2026-03-22,14.6,16.3,16.00111111111111,13.91,13.967922236950518,13.890527848735726,15.472408,15.763332591190318,15.240638,15.408954
2026-03-23,16.2,14.6,15.943333333333332,15.610001,13.967922236950518,13.890527848735726,14.262615,15.424604726762864,15.343791,15.332952
2026-03-24,14.799999999999999,16.2,15.835555555555553,14.01,13.967922236950518,13.890527848735726,16.49068,17.20408128430484,16.900736,17.40359
2026-03-25,16.6,14.8,15.888888888888886,18.210001,13.967922236950518,13.890527848735726,14.734472,15.755441295884545,15.594865,16.352158
2026-03-26,17.3,16.6,15.974444444444446,17.91,13.967922236950518,13.890527848735726,16.388054,17.33849021615476,17.19599,16.938236
2026-03-27,13.3,17.3,16.105555555555554,13.71,13.967922236950518,13.890527848735726,17.446949,17.651536084454484,17.247488,17.713596
2026-03-28,9.6,13.3,16.293333333333333,9.91,13.967922236950518,13.890527848735726,13.072389,13.919680562264958,13.75632,12.865916
2026-03-29,8.6,9.6,16.63888888888889,7.6099997,13.967922236950518,13.890527848735726,11.148652,11.211477504507652,11.320644,11.218648
2026-03-30,7.5,8.6,16.932222222222222,7.6099997,13.967922236950518,13.890527848735726,10.849859,10.666044021666218,10.691236,10.356401
2026-03-31,10.2,7.5,17.144444444444442,8.96,13.967922236950518,13.890527848735726,10.394991,9.40237208481134,9.648725,9.374915
2026-04-01,6.4,10.2,17.332222222222224,4.8100004,13.967922236950518,13.890527848735726,11.030886,11.47045432297598,11.511242,10.691632
2026-04-02,9.5,6.4,17.57333333333333,7.3100004,13.967922236950518,13.890527848735726,9.755794,7.659498479520395,8.145165,8.342931
2026-04-03,11.0,9.5,17.564444444444444,11.01,13.967922236950518,13.890527848735726,9.547581,10.396870917118033,10.474457,10.096011
2026-04-04,13.1,11.0,17.714444444444442,12.51,13.967922236950518,13.890527848735726,11.414285,11.04791200731703,11.124036,12.573315
2026-04-05,18.1,13.1,17.85666666666667,17.11,13.967922236950518,13.890527848735726,12.018017,12.668156329057435,12.786308,12.684359
2026-04-06,19.5,18.1,17.814444444444447,19.41,13.967922236950518,13.890527848735726,17.417398,16.80475984005084,16.789406,16.099714
2026-04-07,19.0,19.5,17.795555555555556,18.710001,13.967922236950518,13.890527848735726,17.257694,17.880732192696982,17.631393,17.767723
2026-04-08,20.1,19.0,18.02111111111111,19.41,13.967922236950518,13.890527848735726,17.248943,17.66080322767097,17.494795,16.98109
2026-04-09,22.9,20.1,18.037777777777777,21.91,13.967922236950518,13.890527848735726,18.700718,19.28589864607376,19.009346,18.694315
2026-04-10,25.5,22.9,18.234444444444446,24.31,13.967922236950518,13.890527848735726,20.662497,21.938114550908825,21.68278,21.087996
2026-04-11,21.9,25.5,18.57111111111111,22.210001,13.967922236950518,13.890527848735726,22.98884,24.189029510997372,23.989147,23.41525
2026-04-12,16.8,21.9,19.029999999999998,14.41,20.02927551809751,20.141627596183085,20.778086,21.380415282926123,20.73724,20.534948
2026-04-13,10.7,16.8,19.166666666666668,8.71,20.02927551809751,20.141627596183085,17.11486,17.82319638778786,17.407547,16.965872
2026-04-14,13.0,10.7,19.246666666666666,12.41,20.02927551809751,20.141627596183085,14.556269,13.224452037682067,13.106673,15.105332
2026-04-15,15.4,13.0,19.23111111111111,14.21,20.02927551809751,20.141627596183085,14.953295,15.509386054156321,15.305415,14.540516
2026-04-16,17.8,15.4,19.171111111111113,16.91,20.02927551809751,20.141627596183085,16.539892,16.748662367751646,16.501774,17.864805
2026-04-17,19.899999999999995,17.8,19.162222222222223,18.91,20.02927551809751,20.141627596183085,17.33052,18.158625956834964,17.950825,17.599016
2026-04-18,22.4,19.9,19.421111111111113,20.41,20.02927551809751,20.141627596183085,19.384533,19.399304765830514,19.075914,19.07557
2026-04-19,24.2,22.4,19.665555555555557,22.91,20.02927551809751,20.141627596183085,20.395428,21.261914176186423,20.90499,20.599586
2026-04-20,25.6,24.2,19.88,24.710001,20.02927551809751,20.141627596183085,21.410496,22.63737290619562,22.347412,22.319876
2026-04-21,26.799999999999997,25.6,20.328888888888887,25.91,20.02927551809751,20.141627596183085,22.740862,24.182865074967218,23.881903,24.056923
2026-04-22,27.4,26.8,20.77,26.01,20.02927551809751,20.141627596183085,24.059204,25.574649724166104,25.245241,25.572542
2026-04-23,27.5,27.4,20.877777777777776,27.01,20.02927551809751,20.141627596183085,24.910095,26.425668692759213,26.040602,26.520966
2026-04-24,22.199999999999996,27.5,20.954444444444444,24.81,20.02927551809751,20.141627596183085,25.58316,26.84323397262847,26.43992,26.782352
2026-04-25,19.899999999999995,22.2,21.063333333333333,17.710001,20.02927551809751,20.141627596183085,22.13606,22.68329399963625,21.888401,22.314682
2026-04-26,22.6,19.9,21.143333333333334,21.61,20.02927551809751,20.141627596183085,20.431646,21.468114548096484,21.122501,21.28432
2026-04-27,24.499999999999996,22.6,21.162222222222223,23.51,20.02927551809751,20.141627596183085,22.477547,23.81506836479613,23.516304,23.358421
2026-04-28,24.4,24.5,21.375555555555554,23.01,20.02927551809751,20.141627596183085,23.209099,24.81354425197436,24.484701,24.948128
2026-04-29,24.499999999999996,24.4,21.716666666666665,26.710001,20.02927551809751,20.141627596183085,23.327808,24.375181874818388,23.99415,24.20507
2026-04-30,27.299999999999997,24.5,22.16888888888889,27.01,20.02927551809751,20.141627596183085,23.67398,24.50582823571891,24.027117,24.062386
2026-05-01,22.5,27.3,22.55222222222222,23.210001,20.02927551809751,20.141627596183085,25.245995,26.749899564198095,26.489157,25.900013
2026-05-02,22.4,22.5,22.747777777777774,22.51,20.02927551809751,20.141627596183085,21.892426,22.44558346144481,21.619108,22.493965
2026-05-03,23.1,22.4,22.956666666666667,22.11,20.02927551809751,20.141627596183085,21.56697,23.168059440533316,22.964325,21.894972
2026-05-04,24.2,23.1,23.15333333333333,23.91,20.02927551809751,20.141627596183085,23.095018,23.76390327374278,23.266972,23.937666
2026-05-05,23.999999999999996,24.2,23.306666666666665,25.710001,20.02927551809751,20.141627596183085,22.566107,24.462528977476925,24.15918,24.121843
2026-05-06,22.9,24.0,23.412222222222223,21.61,20.02927551809751,20.141627596183085,23.027761,24.09362533899422,23.700966,24.22989
2026-05-07,20.1,22.9,23.39888888888889,20.01,20.02927551809751,20.141627596183085,22.305712,23.304473226744893,22.771488,22.533585
2026-05-08,27.0,20.1,23.667777777777776,26.41,20.02927551809751,20.141627596183085,20.07201,20.873146398913732,20.362585,20.114954
2026-05-09,27.299999999999997,27.0,24.17888888888889,27.01,20.02927551809751,20.141627596183085,24.769976,26.967328703621867,27.064734,24.407625
2026-05-10,27.299999999999997,27.3,24.473333333333336,25.210001,20.02927551809751,20.141627596183085,25.703915,26.39076389631481,25.706202,27.109526
2026-05-11,28.4,27.3,24.56222222222222,27.81,20.02927551809751,20.141627596183085,24.944353,26.589075619535958,26.328896,25.458023
2026-05-12,30.7,28.4,24.436666666666667,24.01,27.441846136563058,27.52111158295096,26.45474,27.773942374726794,27.35415,27.435127
2026-05-13,22.5,30.7,24.455555555555552,20.91,27.441846136563058,27.52111158295096,27.272825,29.792399692876387,29.529322,29.456644
2026-05-14,22.4,22.5,24.44888888888889,24.210001,27.441846136563058,27.52111158295096,22.522419,22.732406260069883,21.632326,22.924288
2026-05-15,19.1,22.4,24.51222222222222,17.31,27.441846136563058,27.52111158295096,22.246387,23.99460908359041,23.841537,23.00736
2026-05-16,19.5,19.1,24.60222222222222,20.51,27.441846136563058,27.52111158295096,21.649366,20.952422803044488,20.25191,23.524122
2026-05-17,20.700000000000003,19.5,24.79888888888889,16.91,27.441846136563058,27.52111158295096,19.618046,21.26199701667127,21.090511,21.52696
2026-05-18,19.8,20.7,24.743333333333336,20.01,27.441846136563058,27.52111158295096,21.206896,21.821670837721364,21.489605,22.788528
2026-05-19,25.4,19.8,24.731111111111108,22.91,27.441846136563058,27.52111158295096,19.659462,20.69025807019045,20.20372,20.643282
2026-05-20,28.600000000000005,25.4,24.834444444444443,27.61,27.441846136563058,27.52111158295096,23.327557,25.04049037416572,24.998814,23.316196
2026-05-21,30.099999999999998,28.6,25.07777777777778,27.51,27.441846136563058,27.52111158295096,25.852652,27.153660507074267,26.743713,26.302692
2026-05-22,29.0,30.1,25.32777777777778,27.51,27.441846136563058,27.52111158295096,26.176514,28.260334713249993,28.005125,27.67824
2026-05-23,30.5,29.0,25.421111111111106,28.31,27.441846136563058,27.52111158295096,26.131363,27.69214418026033,27.080992,27.18008
2026-05-24,29.599999999999998,30.5,25.38888888888889,28.31,27.441846136563058,27.52111158295096,27.165834,29.60580926658109,29.381172,29.339457
2026-05-25,28.7,29.6,25.508888888888887,27.01,27.441846136563058,27.52111158295096,27.950989,28.949490369456118,28.377453,29.52016
2026-05-26,26.7,28.7,25.757777777777775,25.81,27.441846136563058,27.52111158295096,27.171715,28.726067678767468,28.347878,28.402021
2026-05-27,27.9,26.7,26.236666666666668,26.11,27.441846136563058,27.52111158295096,26.452717,27.313107385041835,26.70902,27.316034
2026-05-28,29.8,27.9,26.614444444444448,28.41,27.441846136563058,27.52111158295096,26.798376,28.53391290233922,28.28424,27.585453
2026-05-29,30.4,29.8,26.943333333333328,28.31,27.441846136563058,27.52111158295096,28.493315,29.806232795552454,29.531776,29.476324
2026-05-30,30.3,30.4,27.122222222222216,28.91,27.441846136563058,27.52111158295096,28.687996,30.099795465690597,29.71373,30.104536
2026-05-31,29.9,30.3,27.38333333333333,28.01,27.441846136563058,27.52111158295096,28.514612,29.97794340085884,29.536077,29.751675
2026-06-01,29.599999999999998,29.9,27.698888888888884,28.61,27.441846136563058,27.52111158295096,28.459845,29.744642201590562,29.236076,29.518795
2026-06-02,33.2,29.6,28.10333333333333,31.11,27.441846136563058,27.52111158295096,28.423237,29.56410217730003,29.134562,29.467506
2026-06-03,32.7,33.2,28.32444444444445,30.01,27.441846136563058,27.52111158295096,31.000006,32.744691365593944,32.854847,31.52961
2026-06-04,32.2,32.7,28.560000000000006,30.01,27.441846136563058,27.52111158295096,30.758982,32.04240163391505,31.376404,32.62886
2026-06-05,34.5,32.2,28.725555555555562,33.51,27.441846136563058,27.52111158295096,30.104858,31.86119371513852,31.52835,31.406857
2026-06-06,35.0,34.5,28.976666666666674,34.01,27.441846136563058,27.52111158295096,32.01899,34.00476273236942,33.918404,33.1783
2026-06-07,32.9,35.0,29.15777777777778,30.41,27.441846136563058,27.52111158295096,32.370064,34.27130412820047,33.830822,34.466694
2026-06-08,32.0,32.9,29.414444444444445,32.609997,27.441846136563058,27.52111158295096,31.24139,32.597544526706336,32.0068,32.44675
2026-06-09,33.4,32.0,29.65,34.21,27.441846136563058,27.52111158295096,30.86821,32.35029922442034,31.93536,31.99745
2026-06-10,33.4,33.4,29.908888888888885,34.51,27.441846136563058,27.52111158295096,32.189137,33.592261637963865,33.397125,32.8933
2026-06-11,31.2,33.4,30.15666666666667,32.51,33.04501842210876,33.040437231835085,32.054222,33.33960391369065,32.934925,33.677513
2026-06-12,31.5,31.2,30.52444444444445,31.11,33.04501842210876,33.040437231835085,30.120262,31.547859496647654,30.925505,31.346756
2026-06-13,30.3,31.5,30.81777777777777,31.01,33.04501842210876,33.040437231835085,30.307278,32.03056102213092,31.747208,31.40987
2026-06-14,29.5,30.3,31.121111111111116,31.91,33.04501842210876,33.040437231835085,29.678741,30.79294075799867,30.153273,31.25269
2026-06-15,28.7,29.5,31.317777777777778,29.31,33.04501842210876,33.040437231835085,28.48453,30.112103223019417,29.740078,29.955296
2026-06-16,30.9,28.7,31.50444444444444,29.61,33.04501842210876,33.040437231835085,28.12336,29.443964289669122,28.950315,29.667402
2026-06-17,29.599999999999998,30.9,31.779999999999998,28.91,33.04501842210876,33.040437231835085,29.199215,31.228285396929472,31.085815,30.183258
2026-06-18,31.9,29.6,32.193333333333335,31.51,33.04501842210876,33.040437231835085,28.610573,29.66973298656898,28.989557,30.296293
2026-06-19,31.9,31.9,32.56,31.31,33.04501842210876,33.040437231835085,29.66661,31.769584278730136,31.770266,30.804377
2026-06-20,33.1,31.9,32.88444444444444,32.41,33.04501842210876,33.040437231835085,30.329138,31.485097368440996,30.8726,31.9418
2026-06-21,33.0,33.1,33.18666666666666,33.609997,33.04501842210876,33.040437231835085,30.827353,32.58409413672347,32.432552,32.36998
2026-06-22,32.6,33.0,33.61,32.91,33.04501842210876,33.040437231835085,31.12611,32.47287270703092,31.99362,32.77582
2026-06-23,31.0,32.6,33.97666666666666,31.61,33.04501842210876,33.040437231835085,30.952257,32.387765803191826,31.964346,32.226025
2026-06-24,32.0,31.0,34.32666666666667,32.21,33.04501842210876,33.040437231835085,30.098644,31.125539556769695,30.549292,31.142746
2026-06-25,34.2,32.0,34.553333333333335,33.809998,33.04501842210876,33.040437231835085,30.477612,32.26740001637163,32.088634,31.552824
2026-06-26,35.4,34.2,34.70777777777778,35.309998,33.04501842210876,33.040437231835085,32.54166,33.946084755782934,33.81634,33.431076
2026-06-27,35.0,35.4,34.74111111111112,36.51,33.04501842210876,33.040437231835085,32.938835,34.7550560484271,34.510807,34.511448
2026-06-28,33.6,35.0,34.90666666666667,34.809998,33.04501842210876,33.040437231835085,32.606003,34.3968177343212,33.942154,34.30833
2026-06-29,31.5,33.6,35.071111111111115,33.71,33.04501842210876,33.040437231835085,32.099678,33.42411032105222,32.840637,33.08441
2026-06-30,28.7,31.5,35.23,31.11,33.04501842210876,33.040437231835085,30.754503,31.863498948066212,31.254393,31.950962
2026-07-01,28.600000000000005,28.7,35.23,29.41,33.04501842210876,33.040437231835085,28.725517,29.75435164489102,29.136765,30.232819
2026-07-02,31.1,28.6,35.28888888888889,31.31,33.04501842210876,33.040437231835085,28.445404,29.87187423705684,29.58063,29.79577
2026-07-03,29.0,31.1,35.48111111111111,27.61,33.04501842210876,33.040437231835085,29.625307,31.7160330096741,31.579165,31.051966
2026-07-04,30.099999999999998,29.0,35.625555555555565,29.41,33.04501842210876,33.040437231835085,28.219278,29.389789564143012,28.638151,29.960443
2026-07-05,31.4,30.1,35.76777777777778,29.81,33.04501842210876,33.040437231835085,28.53077,30.414889088096352,30.263508,29.547739
2026-07-06,31.7,31.4,35.85444444444444,31.61,33.04501842210876,33.040437231835085,29.829632,31.252638479061563,30.814646,31.029135
2026-07-07,32.1,31.7,35.81111111111111,32.71,33.04501842210876,33.040437231835085,29.833103,31.279411254695283,30.906225,31.367764
2026-07-08,34.5,32.1,35.69,33.01,33.04501842210876,33.040437231835085,30.311916,31.69192725370563,31.386591,31.68773
2026-07-09,35.4,34.5,35.53777777777778,34.41,33.04501842210876,33.040437231835085,31.828608,33.896828677488635,33.803436,33.2082
2026-07-10,35.9,35.4,35.472222222222214,37.01,33.04501842210876,33.040437231835085,32.322662,34.43807956958041,34.08961,34.43062
2026-07-11,37.1,35.9,35.44777777777777,36.309998,34.875351862462104,35.0054198067352,32.8257,35.0304390520112,34.79444,34.863983
2026-07-12,37.0,37.1,35.395555555555546,36.71,34.875351862462104,35.0054198067352,33.85169,36.274391910038126,36.11369,35.81755
2026-07-13,37.6,37.0,35.331111111111106,36.809998,34.875351862462104,35.0054198067352,34.18917,36.277942519493266,35.86416,36.208164
2026-07-14,37.9,37.6,35.334065934065926,37.01,34.875351862462104,35.0054198067352,34.966175,37.00738361049146,36.896023,36.64435
2026-07-15,37.9,37.9,35.31978021978021,37.91,34.875351862462104,35.0054198067352,35.496384,37.43264408427059,37.143078,37.134766
2026-07-16,38.5,37.9,35.443956043956035,38.309998,34.875351862462104,35.0054198067352,35.68838,37.53990525269312,37.271732,37.155903
2026-07-17,38.4,38.5,35.46923076923076,38.41,34.875351862462104,35.0054198067352,36.215237,38.149402889389506,38.013916,37.586105
2026-07-18,37.9,38.4,35.37582417582417,38.109997,34.875351862462104,35.0054198067352,36.26801,38.10822031632829,37.772495,37.702877
2026-07-19,38.6,37.9,35.26593406593406,38.01,34.875351862462104,35.0054198067352,36.17304,37.750251978243256,37.43002,37.324203
2026-07-20,38.7,38.6,35.09780219780219,38.41,34.875351862462104,35.0054198067352,36.622326,38.457778822850074,38.362934,37.750175
2026-07-21,38.9,38.7,35.06703296703296,38.01,34.875351862462104,35.0054198067352,36.69827,38.48183752710824,38.177658,38.09146
