time,tavg,tmin,tmax,prcp,snow,wdir,wspd,wpgt,pres,tsun
1996-01-05,19.1,15.3,21.0,,,,,,,
1996-01-09,19.2,15.9,26.1,,,,,,,
1996-02-10,14.7,12.0,15.8,,,,,,,
1996-03-06,16.8,9.1,20.8,,,,,,,
1996-03-17,12.5,,15.0,0.0,,,,,,
1996-03-19,15.7,,18.4,,,,,,,
1996-04-28,18.3,14.6,21.2,1.0,,,,,,
1996-05-01,18.4,15.3,21.6,,,,,,,
1996-05-23,19.3,12.6,22.2,,,,,,,
1996-10-24,18.7,14.0,24.7,,,,,,,
1997-02-17,14.3,10.5,17.5,,,,,,,
1997-03-06,14.7,11.0,16.8,,,,,,,
1997-04-15,18.3,,19.4,,,,,,,
1997-06-22,24.6,23.3,28.5,,,,,,,
1997-07-09,22.1,,23.2,,,,,,,
2001-05-26,22.9,17.0,25.8,,,,,,,
2001-05-27,22.7,20.0,24.4,,,,,,,
2001-05-29,21.4,,23.0,,,,,,,
2001-05-30,21.3,17.8,23.9,,,,,,,
2001-05-31,22.4,19.1,24.9,,,,,,,
2001-06-01,21.3,18.6,23.0,,,,,,,
2001-06-02,22.2,18.3,24.1,,,,,,,
2001-06-03,24.6,18.6,27.0,,,,,,,
2001-06-05,23.0,18.6,25.2,,,,,,,
2001-06-06,23.2,19.6,25.3,,,,,,,
2001-06-07,23.6,18.0,26.5,,,,,,,
2001-06-12,21.1,19.6,22.7,,,,,,,
2001-06-13,22.0,17.6,24.0,,,,,,,
2001-06-14,26.2,19.5,30.0,,,,,,,
2001-06-15,25.7,,27.9,,,,,,,
2001-06-16,24.4,23.0,26.9,,,,,,,
2001-06-17,23.2,18.5,25.0,,,,,,,
2001-06-18,23.2,20.5,25.6,,,,,,,
2001-06-19,22.5,18.0,25.5,,,,,,,
2001-06-20,23.6,16.5,26.5,,,,,,,
2001-06-21,22.3,17.6,24.4,,,,,,,
2001-06-22,23.4,18.4,26.5,,,,,,,
2001-06-23,26.1,22.5,34.5,,,,,,,
2001-06-24,26.9,22.5,31.5,,,,,,,
2001-06-25,25.9,23.2,27.5,,,,,,,
2001-06-26,29.5,23.1,35.0,,,,,,,
2001-06-27,27.5,24.0,31.8,,,,,,,
2001-06-28,24.9,21.5,26.6,,,,,,,
2001-07-02,24.8,18.6,29.8,,,,,,,
2001-07-03,24.1,20.1,26.0,,,,,,,
2001-07-04,26.1,19.9,28.6,,,,,,,
2001-07-05,26.1,23.1,30.1,,,,,,,
2001-07-07,24.1,21.9,26.1,,,,,,,
2001-07-08,24.7,21.0,26.5,,,,,,,
2001-07-09,24.9,21.5,27.1,,,,,,,
2001-07-11,25.7,21.1,28.0,,,,,,,
2001-07-12,26.2,22.8,28.8,,,,,,,
2001-07-13,25.6,23.5,28.0,,,,,,,
2001-07-14,26.6,21.0,30.5,,,,,,,
2001-07-15,27.6,,32.0,,,,,,,
2001-07-16,25.3,23.0,27.5,,,,,,,
2001-07-17,26.8,21.0,29.0,,,,,,,
2001-07-18,28.1,21.0,31.4,,,,,,,
2001-07-19,26.7,,30.1,,,,,,,
2001-07-20,25.1,20.0,28.2,,,,,,,
2001-07-21,25.8,21.0,28.5,,,,,,,
2001-07-22,24.7,22.2,27.5,,,,,,,
2001-07-24,25.8,24.0,28.0,,,,,,,
2001-07-25,24.7,20.0,26.5,,,,,,,
2001-07-26,25.1,20.9,28.0,,,,,,,
2001-07-28,26.9,21.8,28.5,,,,,,,
2001-07-29,26.3,24.5,28.1,,,,,,,
2001-07-30,27.1,25.2,29.2,,,,,,,
2001-07-31,28.7,24.5,34.6,,,,,,,
2001-08-01,26.5,23.5,29.2,,,,,,,
2001-08-02,29.1,24.5,32.0,,,,,,,
2001-08-03,28.3,23.5,30.6,,,,,,,
2001-08-04,26.4,23.6,29.0,,,,,,,
2001-08-07,25.8,21.5,28.0,,,,,,,
2001-08-08,26.8,23.0,29.0,,,,,,,
2001-08-11,26.9,,29.5,,,,,,,
2001-08-12,24.5,,27.1,,,,,,,
2001-08-13,24.6,22.5,26.5,,,,,,,
2001-08-15,29.2,23.4,40.2,,,,,,,
2001-08-16,26.1,25.0,28.0,,,,,,,
2001-08-17,27.2,22.2,29.7,,,,,,,
2001-08-18,25.2,23.1,28.4,,,,,,,
2001-08-20,27.1,23.0,29.5,,,,,,,
2001-08-21,28.0,,29.2,,,,,,,
2001-08-23,27.7,22.5,29.5,,,,,,,
2001-08-24,30.2,24.5,35.3,,,,,,,
2001-08-25,29.5,24.0,34.6,,,,,,,
2001-08-26,25.7,22.8,29.0,,,,,,,
2001-08-27,26.3,22.5,29.2,,,,,,,
2001-08-29,27.8,24.5,29.1,,,,,,,
2001-08-31,27.1,,29.5,,,,,,,
2001-09-02,26.2,23.0,28.2,,,,,,,
2001-09-03,26.3,21.5,30.0,,,,,,,
2001-09-04,25.5,,28.4,,,,,,,
2001-09-05,24.7,22.6,27.0,,,,,,,
2001-09-06,24.8,22.0,27.6,,,,,,,
2001-09-07,25.3,22.6,26.9,,,,,,,
2001-09-08,24.8,20.2,28.8,,,,,,,
2001-09-09,24.6,20.6,27.0,,,,,,,
2001-09-10,24.4,19.0,28.0,,,,,,,
2001-09-11,24.9,,26.5,,,,,,,
2001-09-12,25.1,20.8,28.0,,,,,,,
2001-09-13,25.7,20.6,28.8,,,,,,,
2001-09-14,25.4,22.6,27.4,,,,,,,
2001-09-15,25.9,21.2,28.0,,,,,,,
2001-09-16,24.2,22.0,26.6,,,,,,,
2001-09-17,23.9,18.5,25.5,,,,,,,
2001-09-18,23.3,21.0,25.4,,,,,,,
2001-09-19,22.0,18.5,24.5,,,,,,,
2001-09-20,23.2,20.5,25.7,15.0,,,,,,
2001-09-21,23.7,20.5,27.0,0.0,,,,,,
2001-09-23,25.2,21.0,29.0,,,,,,,
2001-09-24,24.1,21.0,27.0,,,,,,,
2001-09-25,23.3,20.0,25.2,,,,,,,
2001-09-26,23.8,20.0,26.0,,,,,,,
2001-09-27,24.9,22.0,27.2,1.0,,,,,,
2001-09-28,24.2,22.0,30.0,0.0,,,,,,
2001-09-29,24.3,21.0,27.5,,,,,,,
2001-09-30,23.4,21.0,25.5,,,,,,,
2001-10-01,23.8,19.5,26.5,,,,,,,
2001-10-02,25.5,20.5,28.2,,,,,,,
2001-10-05,24.5,,27.0,,,,,,,
2001-10-06,25.1,22.0,27.4,,,,,,,
2001-10-07,24.8,22.9,27.3,,,,,,,
2001-10-08,22.7,20.0,24.8,,,,,,,
2001-10-09,22.9,21.0,25.0,,,,,,,
2001-10-10,23.2,19.5,25.5,4.1,,,,,,
2001-10-11,26.9,23.5,30.0,0.0,,,,,,
2001-10-12,31.5,23.7,38.5,,,,,,,
2001-10-13,23.9,,25.0,,,,,,,
2001-10-14,23.0,21.0,26.2,,,,,,,
2001-10-15,22.3,20.1,25.0,,,,,,,
2001-10-16,22.3,19.2,25.0,,,,,,,
2001-10-17,24.9,18.6,27.5,,,,,,,
2001-10-18,23.2,,24.2,,,,,,,
2001-10-19,23.8,19.0,26.1,,,,,,,
2001-10-20,22.9,,27.0,,,,,,,
2001-10-21,22.2,14.6,24.5,,,,,,,
2001-10-22,23.0,,26.5,,,,,,,
2001-10-23,22.7,18.5,26.7,,,,,,,
2001-10-24,22.7,19.4,25.4,,,,,,,
2001-10-26,21.3,17.1,23.5,,,,,,,
2001-10-27,21.6,18.5,24.0,,,,,,,
2001-10-28,22.8,,25.8,,,,,,,
2001-10-29,21.8,16.8,25.5,,,,,,,
2001-10-30,21.6,16.5,25.5,,,,,,,
2001-10-31,26.2,16.5,31.0,,,,,,,
2001-11-01,21.7,18.2,24.0,,,,,,,
2001-11-02,19.7,19.0,21.3,,,,,,,
2001-11-03,19.3,15.5,22.4,,,,,,,
2001-11-09,14.3,,18.1,,,,,,,
2001-11-13,16.2,15.2,17.9,2.0,,,,,,
2001-11-14,13.2,,15.8,0.0,,,,,,
2001-11-15,10.7,8.0,13.0,38.1,,,,,,
2001-11-16,13.8,9.0,17.9,3.0,,,,,,
2001-11-17,15.9,12.0,19.3,0.0,,,,,,
2001-11-18,15.6,12.7,18.1,,,,,,,
2001-11-19,14.8,13.8,16.5,,,,,,,
2001-11-20,14.5,11.8,16.5,,,,,,,
2001-11-21,15.1,13.0,16.6,0.8,,,,,,
2001-11-22,16.8,14.0,19.0,0.0,,,,,,
2001-11-23,16.6,,18.0,,,,,,,
2001-11-24,15.2,13.0,16.6,,,,,,,
2001-11-25,13.6,9.0,16.5,,,,,,,
2001-11-26,14.6,12.0,17.0,,,,,,,
2001-11-28,14.8,13.6,17.5,7.9,,,,,,
2001-12-01,15.1,12.5,19.0,,,,,,,
2001-12-02,16.2,,19.0,,,,,,,
2001-12-03,14.8,10.6,18.0,,,,,,,
2001-12-04,14.5,11.6,18.9,,,,,,,
2001-12-05,15.1,12.4,18.4,,,,,,,
2001-12-06,16.1,9.8,19.5,,,,,,,
2001-12-07,14.8,10.0,16.5,,,,,,,
2001-12-09,13.3,10.0,15.7,1.0,,,,,,
2001-12-10,13.5,9.0,16.0,0.0,,,,,,
2001-12-11,12.6,8.5,15.7,,,,,,,
2001-12-13,13.3,9.4,16.5,0.0,,,,,,
2001-12-14,14.9,11.0,17.6,0.0,,,,,,
2001-12-15,14.3,,19.3,15.0,,,,,,
2001-12-16,12.0,10.5,13.0,30.0,,,,,,
2001-12-17,12.0,9.2,14.5,0.0,,,,,,
2001-12-18,11.7,9.0,13.0,,,,,,,
2001-12-19,11.1,9.0,13.6,,,,,,,
2001-12-20,11.2,,13.5,,,,,,,
2001-12-21,11.3,2.0,13.8,,,,,,,
2001-12-22,13.3,9.0,15.9,,,,,,,
2001-12-23,15.2,10.6,18.4,,,,,,,
2001-12-24,11.1,,11.6,18.0,,,,,,
2001-12-25,11.8,9.9,14.4,0.5,,,,,,
2001-12-26,12.2,9.5,15.5,0.0,,,,,,
2001-12-27,13.2,11.9,15.2,,,,,,,
2001-12-28,11.6,8.8,15.3,,,,,,,
2001-12-29,14.2,10.6,18.0,,,,,,,
2001-12-30,16.7,12.5,20.0,,,,,,,
2001-12-31,17.4,,20.6,,,,,,,
2002-01-02,18.7,13.0,21.2,,,,,,,
2002-01-03,15.6,14.8,17.2,,,,,,,
2002-01-04,13.0,12.0,14.2,10.9,,,,,,
2002-01-05,13.5,10.0,15.1,8.9,,,,,,
2002-01-06,12.1,9.5,14.1,0.0,,,,,,
2002-01-07,11.9,8.0,15.5,,,,,,,
2002-01-08,12.2,9.5,16.3,,,,,,,
2002-01-09,13.3,9.0,17.0,,,,,,,
2002-01-10,13.9,9.4,17.4,,,,,,,
2002-01-11,13.7,9.6,16.5,,,,,,,
2002-01-12,12.6,9.5,16.0,,,,,,,
2002-01-13,12.3,10.0,16.1,,,,,,,
2002-01-14,13.8,11.4,16.2,,,,,,,
2002-01-15,13.3,5.5,16.0,,,,,,,
2002-01-16,13.6,11.5,14.9,1.0,,,,,,
2002-01-17,11.7,9.0,15.5,1.0,,,,,,
2002-01-18,11.0,9.1,13.5,0.0,,,,,,
2002-01-19,12.8,8.5,16.0,,,,,,,
2002-01-20,12.8,10.1,16.3,,,,,,,
2002-01-21,14.7,10.0,20.1,,,,,,,
2002-01-26,14.2,11.0,17.2,,,,,,,
2002-01-27,14.7,13.0,17.9,,,,,,,
2002-01-28,15.6,11.0,18.7,,,,,,,
2002-01-29,13.4,8.6,16.9,,,,,,,
2002-01-31,14.9,10.6,18.1,,,,,,,
2002-02-01,15.0,11.6,18.6,,,,,,,
2002-02-02,17.7,10.1,22.0,,,,,,,
2002-02-03,13.9,10.2,16.0,,,,,,,
2002-02-04,14.7,11.0,15.9,,,,,,,
2002-02-05,14.8,11.5,18.0,,,,,,,
2002-02-06,15.3,13.5,16.0,0.8,,,,,,
2002-02-07,14.5,,16.0,0.0,,,,,,
2002-02-08,12.8,7.9,15.5,0.0,,,,,,
2002-02-09,13.3,10.0,17.5,,,,,,,
2002-02-10,15.8,9.9,18.9,,,,,,,
2002-02-11,16.2,12.0,19.2,,,,,,,
2002-02-12,16.6,10.9,21.0,,,,,,,
2002-02-13,14.4,10.0,16.9,,,,,,,
2002-02-14,14.5,11.1,17.6,,,,,,,
2002-02-15,13.7,11.5,16.0,,,,,,,
2002-02-16,13.3,8.1,15.5,,,,,,,
2002-02-17,14.6,13.0,16.5,,,,,,,
2002-02-19,13.3,11.8,15.4,2.0,,,,,,
2002-02-20,13.0,8.8,16.0,0.0,,,,,,
2002-02-21,15.1,,17.2,,,,,,,
2002-02-22,13.6,8.9,15.9,0.0,,,,,,
2002-02-24,15.7,9.8,20.3,,,,,,,
2002-02-25,16.4,,19.5,,,,,,,
2002-02-26,16.7,10.5,20.0,,,,,,,
2002-02-27,18.7,12.6,24.0,,,,,,,
2002-02-28,16.7,13.1,19.4,,,,,,,
2002-03-01,16.6,12.9,20.5,,,,,,,
2002-03-02,14.5,13.0,16.1,,,,,,,
2002-03-03,15.6,9.5,18.0,,,,,,,
2002-03-04,15.4,13.8,18.3,,,,,,,
2002-03-05,13.8,12.0,15.5,,,,,,,
2002-03-06,13.8,11.1,15.1,,,,,,,
2002-03-07,11.4,10.0,12.5,13.0,,,,,,
2002-03-08,13.4,10.6,15.3,57.9,,,,,,
2002-03-09,14.1,11.5,16.0,11.9,,,,,,
2002-03-10,15.7,12.0,18.9,0.0,,,,,,
2002-03-11,17.5,15.1,23.0,,,,,,,
2002-03-13,19.8,,27.6,,,,,,,
2002-03-14,16.8,13.1,19.6,,,,,,,
2002-03-15,16.4,14.0,18.0,,,,,,,
2002-03-16,17.9,12.5,23.5,,,,,,,
2002-03-17,15.9,13.5,18.0,1.0,,,,,,
2002-03-18,16.3,,19.0,0.0,,,,,,
2002-03-19,16.8,14.1,19.2,,,,,,,
2002-03-20,18.6,13.0,20.5,,,,,,,
2002-03-21,18.2,13.2,20.6,,,,,,,
2002-03-22,18.9,13.1,21.5,,,,,,,
2002-03-23,18.4,13.0,21.5,,,,,,,
2002-03-24,18.2,12.6,21.0,,,,,,,
2002-03-25,16.1,11.0,19.0,,,,,,,
2002-03-26,15.7,13.6,17.5,,,,,,,
2002-03-27,15.0,10.0,17.2,,,,,,,
2002-03-28,17.2,14.0,20.4,,,,,,,
2002-03-29,15.7,,17.2,,,,,,,
2002-03-30,15.3,13.8,17.1,,,,,,,
2002-03-31,14.8,10.0,17.0,,,,,,,
2002-04-01,15.8,12.6,18.2,,,,,,,
2002-04-02,15.4,,18.5,,,,,,,
2002-04-03,17.2,14.3,19.6,,,,,,,
2002-04-04,14.4,14.0,15.5,,,,,,,
2002-04-05,15.1,10.4,17.5,,,,,,,
2002-04-06,18.9,14.6,25.5,,,,,,,
2002-04-07,14.7,13.0,16.3,,,,,,,
2002-04-08,16.3,14.1,19.0,2.0,,,,,,
2002-04-09,17.7,13.4,19.9,0.0,,,,,,
2002-04-10,16.7,13.7,19.5,0.5,,,,,,
2002-04-11,16.5,,19.3,0.0,,,,,,
2002-04-12,14.3,11.5,17.2,5.1,,,,,,
2002-04-13,16.7,10.5,18.2,20.1,,,,,,
2002-04-14,16.2,13.0,18.2,0.0,,,,,,
2002-04-18,16.3,10.4,19.4,,,,,,,
2002-04-19,16.8,14.0,18.1,,,,,,,
2002-04-21,18.2,,20.0,,,,,,,
2002-04-22,16.6,12.5,18.9,,,,,,,
2002-04-23,17.5,12.0,20.5,,,,,,,
2002-04-24,18.2,12.5,21.0,,,,,,,
2002-04-28,19.4,14.9,22.0,,,,,,,
2002-04-29,20.4,14.8,22.9,,,,,,,
2002-05-01,19.3,17.1,20.5,,,,,,,
2002-05-02,19.8,17.9,23.0,,,,,,,
2002-05-03,17.0,,18.0,,,,,,,
2002-05-05,17.3,12.0,22.0,,,,,,,
2002-05-06,17.6,8.1,20.5,,,,,,,
2002-05-07,16.5,,18.5,27.9,,,,,,
2002-05-08,18.7,15.4,21.0,7.1,,,,,,
2002-05-13,20.2,14.7,22.1,0.0,,,,,,
2002-05-14,20.5,15.0,23.9,,,,,,,
2002-05-15,21.3,16.1,24.9,,,,,,,
2002-05-16,21.0,18.2,23.2,,,,,,,
2002-05-17,21.8,20.1,28.5,,,,,,,
2002-05-18,19.8,18.4,21.4,,,,,,,
2002-05-19,19.7,13.5,22.5,,,,,,,
2002-05-20,20.2,,26.0,,,,,,,
2002-05-21,20.1,17.6,21.1,,,,,,,
2002-05-22,22.6,15.7,25.8,,,,,,,
2002-05-23,20.2,19.1,21.8,,,,,,,
2002-05-24,20.8,15.5,22.9,,,,,,,
2002-05-28,23.3,,26.1,,,,,,,
2002-05-29,22.3,,23.5,,,,,,,
2002-05-30,23.4,17.8,35.8,,,,,,,
2002-06-04,23.2,19.0,25.0,,,,,,,
2002-06-05,23.2,,25.4,,,,,,,
2002-06-06,20.7,19.1,21.6,,,,,,,
2002-06-07,20.9,19.0,22.5,,,,,,,
2002-06-08,22.2,,24.0,,,,,,,
2002-06-10,23.3,16.6,26.5,,,,,,,
2002-06-11,24.3,18.1,29.2,2.0,,,,,,
2002-06-12,22.7,17.6,25.5,0.0,,,,,,
2002-06-13,23.3,17.5,26.4,,,,,,,
2002-06-14,22.0,18.5,24.0,,,,,,,
2002-06-16,24.4,18.5,27.1,,,,,,,
2002-06-17,23.5,17.0,26.4,,,,,,,
2002-06-19,22.5,17.6,25.0,,,,,,,
2002-06-20,22.7,18.7,26.0,,,,,,,
2002-06-21,23.0,16.0,25.5,,,,,,,
2002-06-22,23.3,19.4,25.0,,,,,,,
2002-06-23,23.7,16.5,26.9,,,,,,,
2002-06-24,25.3,18.5,29.5,,,,,,,
2002-06-25,25.3,16.4,29.5,,,,,,,
2002-06-27,24.8,21.0,27.4,,,,,,,
2002-06-28,26.0,,30.0,,,,,,,
2002-06-29,24.6,21.5,27.0,,,,,,,
2002-06-30,23.8,22.5,27.0,,,,,,,
2002-07-01,22.2,20.5,25.0,2.0,,,,,,
2002-07-02,24.3,16.6,26.5,1.0,,,,,,
2002-07-03,24.6,19.0,27.9,0.0,,,,,,
2002-07-05,24.6,20.0,27.0,,,,,,,
2002-07-08,23.3,16.2,26.4,0.0,,,,,,
2002-07-12,26.2,23.2,28.0,,,,,,,
2002-07-13,25.4,20.5,28.0,,,,,,,
2002-07-14,23.8,21.2,25.5,,,,,,,
2002-07-17,25.2,20.7,28.0,,,,,,,
2002-07-26,27.6,20.3,32.0,,,,,,,
2002-07-28,26.3,19.5,30.0,,,,,,,
2002-08-01,25.5,22.0,28.5,,,,,,,
2002-08-04,27.4,23.1,29.8,,,,,,,
2002-08-07,27.1,23.5,30.0,,,,,,,
2002-08-10,27.4,,30.6,,,,,,,
2002-08-11,25.5,23.5,27.5,,,,,,,
2002-08-13,29.5,,32.0,,,,,,,
2002-08-14,25.2,22.9,27.0,,,,,,,
2002-08-15,25.4,21.5,28.0,,,,,,,
2002-08-16,26.7,20.8,29.5,,,,,,,
2002-08-18,26.3,20.4,30.3,,,,,,,
2002-08-20,27.6,,29.1,,,,,,,
2002-08-21,26.5,22.5,29.9,,,,,,,
2002-08-23,25.4,21.0,28.3,,,,,,,
2002-08-24,26.3,21.0,29.5,,,,,,,
2002-08-25,26.0,21.0,28.2,,,,,,,
2002-08-26,25.2,21.6,27.0,,,,,,,
2002-08-27,25.4,21.0,28.0,,,,,,,
2002-08-28,25.2,21.2,27.5,,,,,,,
2002-08-29,25.9,19.5,28.0,,,,,,,
2002-08-30,25.3,19.1,28.1,,,,,,,
2002-08-31,25.3,20.5,27.1,,,,,,,
2002-09-01,25.7,19.5,28.5,,,,,,,
2002-09-06,24.9,18.8,29.0,,,,,,,
2002-09-07,25.5,18.8,28.5,,,,,,,
2002-09-10,24.9,19.0,28.0,,,,,,,
2002-09-11,24.7,18.0,28.3,,,,,,,
2002-09-12,25.1,21.6,27.1,,,,,,,
2002-09-13,25.1,19.5,28.5,,,,,,,
2002-09-15,24.3,20.0,26.8,,,,,,,
2002-09-16,25.6,,27.5,,,,,,,
2002-09-17,25.3,20.1,28.0,,,,,,,
2002-09-18,26.2,22.1,29.0,,,,,,,
2002-09-19,25.2,21.2,28.5,,,,,,,
2002-09-20,26.4,22.0,29.6,,,,,,,
2002-09-21,26.3,22.4,28.5,,,,,,,
2002-09-22,24.8,23.0,27.0,,,,,,,
2002-09-23,24.2,22.4,26.2,,,,,,,
2002-09-24,23.9,,26.0,,,,,,,
2002-09-25,23.9,19.4,27.5,,,,,,,
2002-09-26,23.1,19.0,25.7,,,,,,,
2002-09-27,23.2,17.1,27.1,,,,,,,
2002-09-28,23.5,,26.5,,,,,,,
2002-09-29,22.3,16.5,25.6,,,,,,,
2002-09-30,21.8,16.5,25.0,,,,,,,
2002-10-01,21.2,15.5,23.1,,,,,,,
2002-10-02,22.5,19.5,26.0,,,,,,,
2002-10-03,21.8,18.7,24.5,,,,,,,
2002-10-05,22.1,19.5,24.5,,,,,,,
2002-10-06,21.2,19.0,24.1,,,,,,,
2002-10-07,21.4,17.6,24.6,,,,,,,
2002-10-08,24.3,17.0,28.0,,,,,,,
2002-10-09,22.3,20.2,27.0,,,,,,,
2002-10-13,20.8,17.5,24.5,,,,,,,
2002-10-14,22.3,16.5,25.0,,,,,,,
2002-10-15,20.1,15.6,24.0,,,,,,,
2002-10-16,23.4,15.9,25.5,,,,,,,
2002-10-17,22.2,18.5,26.1,,,,,,,
2002-10-18,20.6,16.7,23.0,,,,,,,
2002-10-19,21.2,17.0,24.0,,,,,,,
2002-10-20,22.7,16.4,27.0,0.0,,,,,,
2002-10-21,23.1,20.0,26.2,,,,,,,
2002-10-22,23.8,22.6,26.0,,,,,,,
2002-10-23,21.9,19.0,25.5,,,,,,,
2002-10-24,20.0,16.5,23.6,,,,,,,
2002-10-25,21.0,16.0,23.5,,,,,,,
2002-10-27,19.6,15.0,24.0,,,,,,,
2002-10-28,21.1,15.4,23.8,,,,,,,
2002-10-29,19.4,14.5,24.0,,,,,,,
2002-10-31,20.9,18.0,23.0,,,,,,,
2002-11-01,19.5,16.7,21.1,,,,,,,
2002-11-02,18.9,15.6,21.5,,,,,,,
2002-11-03,20.0,16.0,23.8,,,,,,,
2002-11-04,20.6,18.0,22.5,,,,,,,
2002-11-05,17.2,,19.7,0.0,,,,,,
2002-11-06,17.7,13.0,20.5,,,,,,,
2002-11-07,18.2,15.0,20.0,,,,,,,
2002-11-08,18.3,15.5,20.6,,,,,,,
2002-11-09,19.3,13.6,23.5,,,,,,,
2002-11-10,20.8,,24.0,,,,,,,
2002-11-12,19.6,17.6,22.1,,,,,,,
2002-11-13,19.5,15.8,22.1,,,,,,,
2002-11-15,17.2,,19.0,,,,,,,
2002-11-16,16.2,13.5,19.4,,,,,,,
2002-11-17,16.1,13.2,18.0,0.0,,,,,,
2002-11-18,16.7,12.4,18.4,2.0,,,,,,
2002-11-19,17.5,12.8,22.2,0.0,,,,,,
2002-11-20,14.9,,17.5,0.5,,,,,,
2002-11-21,19.7,13.0,25.0,2.0,,,,,,
2002-11-23,19.7,15.5,23.4,,,,,,,
2002-11-24,17.4,15.5,19.7,,,,,,,
2002-11-27,17.0,13.9,20.5,,,,,,,
2002-11-28,20.4,16.1,24.0,,,,,,,
2002-11-30,16.1,13.0,17.4,2.0,,,,,,
2002-12-01,17.0,12.6,18.7,0.0,,,,,,
2002-12-02,17.9,16.5,19.4,,,,,,,
2002-12-03,15.9,15.4,17.3,,,,,,,
2002-12-04,15.8,15.0,17.5,,,,,,,
2002-12-05,16.0,13.5,18.0,,,,,,,
2002-12-10,16.2,11.5,19.2,,,,,,,
2002-12-11,15.4,13.5,19.1,0.0,,,,,,
2002-12-12,15.4,13.1,17.8,1.0,,,,,,
2002-12-14,20.3,14.5,24.0,,,,,,,
2002-12-16,17.0,12.0,21.9,,,,,,,
2002-12-17,19.8,13.0,24.0,,,,,,,
2002-12-21,13.9,12.0,17.6,18.0,,,,,,
2002-12-23,17.7,10.6,21.2,0.0,,,,,,
2002-12-25,18.3,14.0,21.3,,,,,,,
2002-12-26,18.1,15.6,21.5,0.0,,,,,,
2002-12-27,17.7,15.0,22.2,,,,,,,
2002-12-28,16.3,15.0,18.0,,,,,,,
2002-12-29,15.2,,18.2,,,,,,,
2002-12-30,16.0,11.6,19.2,,,,,,,
2002-12-31,16.7,,18.2,,,,,,,
2003-01-01,15.9,12.0,19.5,,,,,,,
2003-01-09,12.4,10.7,15.7,9.9,,,,,,
2003-01-26,12.4,8.6,16.6,,,,,,,
2003-01-30,12.2,,13.0,0.3,,,,,,
2003-02-03,12.7,8.6,17.2,,,,,,,
2003-02-04,17.3,11.6,20.2,,,,,,,
2003-02-05,14.1,,15.9,,,,,,,
2003-02-06,13.4,9.0,15.6,,,,,,,
2003-02-08,11.4,9.0,13.0,,,,,,,
2003-02-09,11.7,10.1,13.6,,,,,,,
2003-02-10,12.3,9.5,15.2,,,,,,,
2003-02-11,11.9,,15.5,0.0,,,,,,
2003-02-15,11.4,7.4,13.0,0.5,,,,,,
2003-02-16,10.5,8.0,14.0,0.0,,,,,,
2003-02-17,9.3,7.8,11.5,10.9,,,,,,
2003-02-18,10.3,7.0,12.6,1.0,,,,,,
2003-02-19,13.7,8.8,17.1,0.0,,,,,,
2003-02-20,13.2,11.5,15.1,,,,,,,
2003-02-21,13.3,11.9,15.0,,,,,,,
2003-02-22,13.2,9.0,17.0,,,,,,,
2003-02-24,18.8,11.0,24.0,,,,,,,
2003-02-25,19.4,17.5,21.5,,,,,,,
2003-02-26,15.9,12.5,18.5,3.0,,,,,,
2003-03-04,17.7,13.0,20.5,,,,,,,
2003-03-05,18.8,13.0,22.1,,,,,,,
2003-03-06,15.2,11.5,16.9,,,,,,,
2003-03-07,15.4,10.5,17.6,,,,,,,
2003-03-09,14.9,11.1,16.7,0.0,,,,,,
2003-03-10,14.3,9.4,17.1,,,,,,,
2003-03-11,15.2,9.5,18.1,,,,,,,
2003-03-12,15.6,11.0,18.9,,,,,,,
2003-03-13,18.3,13.0,23.6,0.0,,,,,,
2003-03-14,15.3,12.1,16.5,,,,,,,
2003-03-15,14.9,12.0,16.0,,,,,,,
2003-03-16,13.8,,15.6,,,,,,,
2003-03-17,12.2,8.5,14.0,,,,,,,
2003-03-18,14.2,,15.5,,,,,,,
2003-03-19,13.3,11.5,15.1,1.0,,,,,,
2003-03-20,13.5,9.0,16.0,1.0,,,,,,
2003-03-21,14.7,9.0,18.1,0.0,,,,,,
2003-03-22,19.6,14.0,23.6,,,,,,,
2003-03-23,15.5,11.0,17.6,,,,,,,
2003-03-24,15.1,11.0,18.1,,,,,,,
2003-03-25,15.4,8.1,18.6,0.0,,,,,,
2003-03-26,17.1,11.2,19.6,,,,,,,
2003-03-27,22.7,,26.1,0.0,,,,,,
2003-03-28,18.1,15.5,21.4,2.0,,,,,,
2003-03-29,17.3,15.5,19.1,0.0,,,,,,
2003-03-30,19.3,14.6,21.5,4.1,,,,,,
2003-03-31,16.6,13.8,18.8,0.0,,,,,,
2003-04-01,16.7,12.0,18.5,,,,,,,
2003-04-02,16.7,11.0,19.8,,,,,,,
2003-04-03,12.8,11.0,15.0,2.0,,,,,,
2003-04-04,13.0,10.0,15.1,3.0,,,,,,
2003-04-05,12.7,9.0,15.4,4.1,,,,,,
2003-04-06,15.2,9.0,17.6,0.3,,,,,,
2003-04-07,18.2,12.6,21.2,0.0,,,,,,
2003-04-08,16.0,10.5,18.0,,,,,,,
2003-04-09,16.5,14.0,18.5,,,,,,,
2003-04-11,19.0,15.0,21.5,0.0,,,,,,
2003-04-12,18.8,15.5,21.2,,,,,,,
2003-04-13,22.9,13.6,34.2,,,,,,,
2003-04-14,18.8,16.0,21.5,,,,,,,
2003-04-15,13.0,,14.5,10.9,,,,,,
2003-04-16,15.4,12.5,17.5,27.9,,,,,,
2003-04-17,16.9,14.5,18.6,0.0,,,,,,
2003-04-18,15.7,10.5,18.8,,,,,,,
2003-04-19,17.8,13.0,20.5,,,,,,,
2003-04-20,18.2,13.5,21.2,,,,,,,
2003-04-21,17.3,13.3,20.2,,,,,,,
2003-04-22,17.7,12.5,21.0,,,,,,,
2003-04-23,16.7,15.0,18.5,,,,,,,
2003-04-24,18.4,13.5,22.2,,,,,,,
2003-04-25,18.8,13.9,21.6,,,,,,,
2003-04-26,20.1,14.0,23.5,,,,,,,
2003-04-27,21.2,,23.0,,,,,,,
2003-04-28,18.3,15.5,21.0,,,,,,,
2003-04-29,19.8,15.0,22.0,,,,,,,
2003-04-30,20.1,18.0,23.8,0.0,,,,,,
2003-05-01,19.0,15.5,21.0,,,,,,,
2003-05-02,19.5,16.5,21.2,,,,,,,
2003-05-03,18.6,14.8,20.8,,,,,,,
2003-05-04,19.3,14.5,21.2,,,,,,,
2003-05-06,16.9,,18.5,,,,,,,
2003-05-07,18.9,14.4,22.7,,,,,,,
2003-05-10,18.6,14.0,21.5,9.9,,,,,,
2003-05-11,20.0,13.5,23.5,0.0,,,,,,
2003-05-12,19.8,16.6,22.6,,,,,,,
2003-05-13,19.4,14.5,22.0,,,,,,,
2003-05-14,20.5,15.2,24.0,,,,,,,
2003-05-15,20.0,15.5,22.5,,,,,,,
2003-05-16,20.1,16.0,22.5,0.0,,,,,,
2003-05-17,21.2,,23.5,,,,,,,
2003-05-18,20.7,14.5,23.6,,,,,,,
2003-05-19,24.7,17.1,28.0,,,,,,,
2003-05-20,21.4,16.0,23.5,,,,,,,
2003-05-21,20.8,15.6,23.5,,,,,,,
2003-05-25,18.6,,20.0,,,,,,,
2003-05-27,19.2,13.5,22.0,,,,,,,
2003-06-09,23.2,19.5,26.0,,,,,,,
2003-06-11,23.3,,24.6,,,,,,,
2003-06-12,23.4,18.5,26.5,,,,,,,
2003-06-15,25.7,19.5,28.0,,,,,,,
2003-06-16,25.2,21.5,29.0,,,,,,,
2003-06-17,26.4,20.5,29.5,,,,,,,
2003-06-18,26.1,21.1,28.9,,,,,,,
2003-06-19,26.4,22.0,29.0,,,,,,,
2003-06-20,23.7,21.0,25.7,,,,,,,
2003-06-21,25.2,19.5,28.0,,,,,,,
2003-06-22,24.6,17.8,28.2,,,,,,,
2003-06-23,26.5,23.0,28.4,,,,,,,
2003-06-24,25.4,23.3,26.6,,,,,,,
2003-06-25,27.4,,29.5,,,,,,,
2003-06-26,28.2,21.5,30.5,,,,,,,
2003-06-27,27.9,25.0,31.5,,,,,,,
2003-06-28,27.1,21.0,29.0,,,,,,,
2003-06-30,28.2,23.5,31.3,,,,,,,
2003-07-01,28.3,24.6,31.5,,,,,,,
2003-07-02,26.3,23.0,29.3,,,,,,,
2003-07-03,26.4,22.6,28.0,,,,,,,
2003-07-04,25.5,19.0,29.4,0.0,,,,,,
2003-07-05,26.0,19.5,29.2,,,,,,,
2003-07-06,26.1,23.4,28.0,,,,,,,
2003-07-07,25.6,23.8,28.0,,,,,,,
2003-07-08,26.6,21.0,29.4,,,,,,,
2003-07-09,26.6,20.5,29.5,,,,,,,
2003-07-10,26.6,21.0,30.0,,,,,,,
2003-07-11,28.2,21.0,35.0,,,,,,,
2003-07-12,27.2,24.3,30.5,,,,,,,
2003-07-15,28.5,24.0,31.7,,,,,,,
2003-07-16,27.2,25.5,29.6,,,,,,,
2003-07-17,26.9,23.6,30.0,,,,,,,
2003-07-18,27.3,25.0,29.5,,,,,,,
2003-07-19,27.2,22.9,33.6,,,,,,,
2003-07-20,29.2,25.6,31.6,0.0,,,,,,
2003-07-21,28.6,24.6,31.1,,,,,,,
2003-07-23,29.4,25.0,32.7,,,,,,,
2003-07-25,28.4,22.5,31.6,,,,,,,
2003-07-26,28.3,23.0,31.5,,,,,,,
2003-07-28,28.6,23.0,31.9,,,,,,,
2003-07-30,28.5,22.0,32.5,,,,,,,
2003-07-31,27.1,22.0,30.5,,,,,,,
2003-08-01,26.6,21.5,31.0,,,,,,,
2003-08-02,27.2,21.7,30.6,,,,,,,
2003-08-05,25.3,22.2,27.4,,,,,,,
2003-08-06,25.9,22.0,29.3,,,,,,,
2003-08-07,26.5,21.5,29.0,,,,,,,
2003-08-08,26.9,21.5,30.5,,,,,,,
2003-08-09,25.8,21.5,29.6,,,,,,,
2003-08-11,28.7,24.2,31.6,,,,,,,
2003-08-12,29.7,,31.6,,,,,,,
2003-08-13,28.8,24.2,31.0,,,,,,,
2003-08-14,29.0,24.5,31.2,,,,,,,
2003-08-15,29.6,24.2,32.6,,,,,,,
2003-08-16,31.6,26.0,33.6,,,,,,,
2003-08-17,31.2,26.5,35.8,,,,,,,
2003-08-20,29.3,25.5,32.1,,,,,,,
2003-08-22,31.2,27.0,35.8,0.0,,,,,,
2003-08-23,33.2,27.6,41.5,,,,,,,
2003-08-24,28.5,,30.1,,,,,,,
2003-08-26,28.1,21.6,31.1,,,,,,,
2003-08-28,28.8,25.5,33.1,,,,,,,
2003-08-30,27.6,22.8,30.5,,,,,,,
2003-08-31,28.7,24.0,31.8,,,,,,,
2003-09-01,27.4,24.0,29.1,,,,,,,
2003-09-02,27.2,22.0,30.0,,,,,,,
2003-09-03,26.4,22.0,28.4,,,,,,,
2003-09-04,28.7,,31.0,,,,,,,
2003-09-05,28.3,25.5,29.1,,,,,,,
2003-09-07,26.8,24.6,29.1,,,,,,,
2003-09-08,27.6,,28.9,,,,,,,
2003-09-11,25.7,20.5,28.0,,,,,,,
2003-09-13,25.8,22.0,29.0,,,,,,,
2003-09-14,23.1,18.0,26.0,,,,,,,
2003-09-15,22.9,18.0,27.6,,,,,,,
2003-09-21,24.4,19.2,28.0,,,,,,,
2003-09-22,26.1,20.6,29.6,,,,,,,
2003-09-23,24.6,21.0,27.0,,,,,,,
2003-09-24,24.6,19.6,27.1,,,,,,,
2003-09-25,25.0,21.8,27.0,,,,,,,
2003-09-26,23.7,,25.0,,,,,,,
2003-09-28,25.9,20.6,30.5,,,,,,,
2003-09-29,24.3,20.0,28.0,,,,,,,
2003-09-30,26.1,19.6,29.5,,,,,,,
2003-10-01,25.6,19.5,28.5,,,,,,,
2003-10-02,25.5,22.4,27.5,,,,,,,
2003-10-03,24.4,22.0,26.6,,,,,,,
2003-10-04,23.3,20.5,25.0,,,,,,,
2003-10-05,24.3,,27.0,,,,,,,
2003-10-06,22.3,,27.7,,,,,,,
2003-10-07,22.1,,25.0,,,,,,,
2003-10-08,21.5,16.6,24.0,,,,,,,
2003-10-09,21.2,13.8,24.6,,,,,,,
2003-10-10,23.4,,25.5,,,,,,,
2003-10-11,22.3,16.2,24.5,,,,,,,
2003-10-13,23.4,,25.5,,,,,,,
2003-10-14,22.3,20.6,26.6,,,,,,,
2003-10-15,22.2,19.0,24.5,,,,,,,
2003-10-17,19.3,,20.7,18.0,,,,,,
2003-10-18,20.1,17.4,22.6,17.0,,,,,,
2003-10-20,22.9,20.5,25.5,0.0,,,,,,
2003-10-21,21.9,19.2,24.1,,,,,,,
2003-10-22,20.7,19.0,22.5,2.0,,,,,,
2003-10-23,20.6,19.0,22.1,1.0,,,,,,
2003-10-24,19.2,16.3,21.5,0.0,,,,,,
2003-10-25,18.0,,21.0,1.0,,,,,,
2003-10-26,22.0,18.1,25.0,5.1,,,,,,
2003-10-27,22.3,18.1,26.7,0.0,,,,,,
2003-10-28,21.4,17.9,25.2,0.8,,,,,,
2003-10-30,19.8,,22.0,,,,,,,
2003-10-31,21.7,16.2,25.6,,,,,,,
2003-11-01,15.4,13.4,18.3,3.0,,,,,,
2003-11-02,18.2,13.8,20.1,7.9,,,,,,
2003-11-03,17.9,14.0,21.0,0.0,,,,,,
2003-11-06,18.1,13.9,20.0,,,,,,,
2003-11-07,17.8,13.6,21.1,,,,,,,
2003-11-08,20.1,,24.0,,,,,,,
2003-11-11,18.9,,21.2,,,,,,,
2003-11-13,18.0,14.6,20.5,,,,,,,
2003-11-15,20.2,13.0,26.1,,,,,,,
2003-11-20,17.1,14.5,18.4,0.0,,,,,,
2003-11-21,17.2,15.5,18.6,4.1,,,,,,
2003-11-22,21.9,14.0,26.0,0.0,,,,,,
2003-11-27,16.2,13.6,19.0,4.1,,,,,,
2003-11-28,15.7,13.0,17.3,4.1,,,,,,
2003-11-30,15.2,12.5,19.5,0.0,,,,,,
2003-12-04,13.4,8.8,15.1,8.9,,,,,,
2003-12-05,16.8,12.6,19.5,0.0,,,,,,
2003-12-06,16.3,,20.1,0.0,,,,,,
2003-12-07,16.8,13.0,20.5,0.0,,,,,,
2003-12-08,15.7,14.0,18.3,0.0,,,,,,
2003-12-09,13.0,,15.4,0.0,,,,,,
2003-12-10,12.1,7.6,13.5,14.0,,,,,,
2003-12-12,14.2,11.0,17.1,0.0,,,,,,
2003-12-13,14.5,11.9,18.0,0.0,,,,,,
2003-12-14,16.1,12.0,19.8,0.0,,,,,,
2003-12-15,15.7,,18.5,0.0,,,,,,
2003-12-16,14.7,13.0,17.1,0.0,,,,,,
2003-12-17,16.3,10.0,20.0,0.0,,,,,,
2003-12-18,17.0,11.0,19.6,0.0,,,,,,
2003-12-19,16.3,14.0,18.2,0.0,,,,,,
2003-12-20,14.7,12.0,17.0,0.0,,,,,,
2003-12-21,15.3,11.5,20.0,0.0,,,,,,
2003-12-22,15.6,12.1,17.1,0.0,,,,,,
2003-12-23,11.8,11.0,14.0,0.0,,,,,,
2003-12-26,11.7,9.4,16.0,0.0,,,,,,
2003-12-27,13.3,9.6,17.2,0.0,,,,,,
2003-12-28,15.3,12.5,18.7,0.0,,,,,,
2003-12-29,13.3,12.0,14.2,6.1,,,,,,
2003-12-30,15.4,12.0,17.3,0.0,,,,,,
2004-01-03,13.6,,14.5,0.0,,,,,,
2004-01-04,11.1,8.0,14.9,0.0,,,,,,
2004-01-05,12.1,7.5,16.6,0.0,,,,,,
2004-01-06,13.6,10.2,18.3,0.0,,,,,,
2004-01-07,13.8,9.5,18.0,0.0,,,,,,
2004-01-08,14.7,10.2,19.5,0.0,,,,,,
2004-01-09,17.1,14.0,20.1,0.0,,,,,,
2004-01-10,15.9,14.6,19.5,1.0,,,,,,
2004-01-11,16.7,12.5,20.0,0.0,,,,,,
2004-01-12,14.9,10.5,18.0,0.0,,,,,,
2004-01-14,15.7,,19.0,,,,,,,
2004-01-15,13.8,12.8,16.5,0.0,,,,,,
2004-01-16,14.2,10.6,16.7,1.0,,,,,,
2004-01-17,14.9,,19.0,0.0,,,,,,
2004-01-23,14.7,10.5,18.5,0.0,,,,,,
2004-01-25,15.2,13.1,18.0,0.0,,,,,,
2004-01-26,15.8,11.9,19.5,0.0,,,,,,
2004-01-27,16.6,11.6,19.0,0.0,,,,,,
2004-01-28,13.0,,15.9,0.0,,,,,,
2004-02-02,14.9,11.1,18.1,0.0,,,,,,
2004-02-04,14.9,10.0,17.0,0.0,,,,,,
2004-02-05,13.5,9.0,16.1,0.0,,,,,,
2004-02-06,13.4,9.2,15.1,0.0,,,,,,
2004-02-07,14.8,,17.0,,,,,,,
2004-02-08,14.6,9.2,16.2,0.0,,,,,,
2004-02-09,14.4,13.5,16.1,0.0,,,,,,
2004-02-10,13.9,10.0,15.7,0.0,,,,,,
2004-02-11,13.5,,15.5,,,,,,,
2004-02-14,13.1,8.0,18.0,0.0,,,,,,
2004-02-15,14.3,10.0,16.3,0.0,,,,,,
2004-02-16,15.3,,17.4,,,,,,,
2004-02-17,13.3,11.2,17.6,0.0,,,,,,
2004-02-18,12.6,7.8,14.7,0.0,,,,,,
2004-02-19,13.4,8.6,16.0,0.0,,,,,,
2004-02-20,18.3,,26.1,1.0,,,,,,
2004-02-21,21.4,16.1,26.0,1.0,,,,,,
2004-02-22,14.6,12.0,16.9,4.1,,,,,,
2004-02-23,15.3,12.5,18.5,0.0,,,,,,
2004-02-24,16.3,11.0,18.1,0.0,,,,,,
2004-02-25,17.1,13.0,20.0,0.0,,,,,,
2004-02-26,15.8,12.6,18.4,0.0,,,,,,
2004-03-07,15.9,14.0,18.0,0.0,,,,,,
2025-06-05,21.9,20.1,24.0,0.0,,,12.3,,1016.3,
2025-06-06,22.5,20.5,24.6,0.0,,,11.3,,1015.8,
2025-06-07,24.4,20.8,27.2,0.0,,,12.5,,1015.9,
2025-06-08,25.6,22.6,27.3,0.0,,,19.7,,1016.3,
2025-06-09,23.9,21.4,26.2,0.0,,,33.0,,1017.0,
2025-06-10,24.6,21.0,27.4,0.0,,,28.6,,1016.1,
2025-06-11,25.5,23.7,31.0,0.0,,,22.2,,1013.0,
2025-06-12,23.1,21.2,24.9,0.0,,,20.2,,1013.8,
2025-06-13,24.2,20.9,28.1,0.0,,,13.7,,1014.9,
2025-06-14,26.4,24.2,28.8,0.0,,,15.1,,1015.4,
2025-06-15,25.2,22.2,26.7,0.0,,,19.1,,1016.2,
2025-06-16,23.3,20.5,25.4,0.0,,,12.4,,1018.7,
2025-06-17,23.7,21.5,26.5,0.0,,,17.3,,1019.3,
2025-06-18,24.9,22.9,27.8,0.0,,,20.3,,1019.2,
2025-06-19,25.1,22.6,27.8,0.0,,,21.4,,1018.4,
2025-06-20,24.3,21.2,27.1,0.0,,,21.3,,1018.8,
2025-06-21,25.7,22.2,28.2,0.0,,,16.9,,1017.1,
2025-06-22,26.1,23.4,28.8,0.0,,,23.2,,1017.0,
2025-06-23,25.8,23.7,28.2,0.0,,,24.8,,1017.1,
2025-06-24,25.9,22.4,28.8,0.0,,,23.5,,1013.6,
2025-06-25,25.8,23.7,27.8,0.0,,,28.7,,1014.1,
2025-06-26,25.6,23.5,28.8,0.0,,,17.6,,1017.2,
2025-06-27,25.0,22.3,27.5,0.0,,,21.3,,1020.9,
2025-06-28,25.4,22.7,28.3,0.0,,,23.0,,1021.4,
2025-06-29,25.6,22.8,28.8,0.0,,,20.5,,1018.7,
2025-06-30,24.7,22.2,27.3,0.0,,,17.5,,1015.3,
2025-07-01,25.0,22.5,27.5,0.0,,,20.4,,1013.8,
2025-07-02,24.4,22.4,26.2,0.0,,,18.4,,1014.5,
2025-07-03,24.5,22.1,26.7,0.0,,,19.5,,1017.6,
2025-07-04,25.2,22.7,27.6,0.0,,,25.5,,1018.8,
2025-07-05,25.4,22.6,28.0,0.0,,,24.6,,1016.1,
2025-07-06,25.2,22.8,27.6,0.0,,,20.3,,1012.6,
2025-07-07,24.8,23.4,26.9,0.0,,,14.4,,1010.9,
2025-07-08,25.5,23.2,27.9,0.0,,,24.7,,1012.3,
2025-07-09,25.4,22.3,28.2,0.0,,,32.1,,1015.9,
2025-07-10,25.8,23.9,28.0,0.0,,,10.9,,1015.7,
2025-07-11,25.1,23.6,26.8,0.0,,,18.0,,1013.8,
2025-07-12,25.6,23.7,27.8,0.0,,,28.8,,1012.3,
2025-07-13,25.1,22.5,27.5,0.0,,,18.1,,1014.2,
2025-07-14,27.6,24.8,33.9,0.0,,,20.8,,1015.7,
2025-07-15,25.7,24.0,27.4,0.0,,,20.0,,1018.4,
2025-07-16,26.0,23.7,28.4,0.0,,,21.0,,1017.9,
2025-07-17,27.1,25.1,29.2,0.0,,,11.6,,1015.3,
2025-07-18,27.9,25.6,30.3,0.0,,,13.4,,1011.6,
2025-07-19,29.1,27.3,31.9,0.0,,,29.6,,1010.6,
2025-07-20,28.4,25.3,31.5,0.0,,,17.9,,1009.6,
2025-07-21,27.5,25.4,30.3,0.0,,,21.6,,1011.0,
2025-07-22,26.1,23.6,28.9,0.0,,,15.5,,1013.6,
2025-07-23,26.2,24.7,27.8,0.0,,,16.0,,1012.6,
2025-07-24,25.6,24.3,27.9,0.0,,,17.2,,1009.9,
2025-07-25,24.8,23.7,25.9,1.0,,,42.6,,1012.8,
2025-07-26,24.7,22.1,27.0,0.0,,,29.0,,1016.7,
2025-07-27,25.6,21.8,28.5,0.0,,,17.4,,1017.2,
2025-07-28,26.6,24.5,28.8,0.0,,,15.7,,1014.2,
2025-07-29,24.9,23.1,27.2,0.0,,,41.4,,1015.2,
2025-07-30,24.0,21.6,26.5,0.0,,,38.2,,1016.3,
2025-07-31,23.4,20.9,26.2,0.0,,,38.1,,1015.6,
2025-08-01,24.0,21.6,26.5,0.0,,,30.2,,1012.7,
2025-08-02,24.3,21.6,26.7,0.0,,,29.2,,1012.7,
2025-08-03,25.0,22.9,27.8,0.0,,,34.0,,1014.5,
2025-08-04,24.9,22.0,28.1,0.0,,,35.5,,1018.3,
2025-08-05,26.9,24.4,29.5,0.0,,,23.5,,1017.9,
2025-08-06,26.8,24.0,30.1,0.0,,,26.8,,1017.2,
2025-08-07,26.9,24.9,29.8,0.0,,,11.6,,1015.7,
2025-08-08,26.2,23.9,27.3,0.0,,,15.9,,1015.9,
2025-08-09,24.7,22.6,27.1,0.0,,,22.8,,1017.2,
2025-08-10,24.2,22.8,25.8,0.0,,,17.8,,1018.6,
2025-08-11,24.4,22.0,27.4,0.0,,,13.3,,1017.2,
2025-08-12,25.5,23.4,28.6,0.0,,,15.4,,1015.3,
2025-08-13,25.2,23.1,27.7,0.0,,,21.5,,1014.2,
2025-08-14,25.0,21.9,27.9,0.0,,,21.6,,1015.2,
2025-08-15,25.1,22.8,27.4,0.0,,,20.6,,1017.4,
2025-08-16,26.2,24.0,28.0,0.0,,,9.7,,1017.9,
2025-08-17,28.4,25.5,30.3,0.0,,,10.4,,1015.6,
2025-08-18,30.2,26.6,32.8,0.0,,,13.7,,1012.7,
2025-08-19,29.6,27.1,32.1,0.0,,,24.4,,1010.3,
2025-08-20,27.7,25.1,29.6,0.0,,,30.2,,1010.5,
2025-08-21,25.6,22.7,28.9,0.0,,,19.7,,1012.1,
2025-08-22,25.2,22.7,27.9,0.0,,,14.4,,1014.4,
2025-08-23,25.6,22.8,28.4,0.0,,,20.8,,1014.5,
2025-08-24,27.6,24.2,30.4,0.0,,,17.1,,1013.6,
2025-08-25,28.3,27.1,29.8,0.0,,,17.3,,1013.4,
2025-08-26,30.4,27.3,34.5,0.0,,,17.3,,1010.7,
2025-08-27,28.3,26.3,31.3,0.0,,,26.3,,1009.0,
2025-08-28,27.7,25.4,30.0,0.0,,,37.1,,1010.1,
2025-08-29,25.1,23.0,27.3,0.0,,,32.1,,1012.8,
2025-08-31,26.6,,,,,,12.7,,1011.7,
2025-09-01,25.9,22.5,28.7,0.0,,,34.0,,1012.8,
2025-09-11,23.7,20.5,27.4,0.0,,,21.4,,1018.6,
2025-09-12,25.0,22.1,28.2,0.0,,,16.2,,1018.7,
2025-09-13,25.8,22.3,30.1,0.0,,,12.1,,1016.4,
2025-09-14,24.4,22.5,25.8,0.0,,,15.3,,1018.8,
2025-09-15,24.4,22.3,26.9,0.0,,,16.1,,1019.2,
2025-09-16,24.6,22.9,26.9,0.0,,,21.3,,1020.1,
2025-09-17,24.9,22.5,27.8,0.0,,,24.4,,1020.7,
2025-09-18,25.3,22.7,28.5,0.0,,,24.9,,1021.1,
2025-09-19,23.9,21.9,26.2,0.0,,,24.8,,1021.3,
2025-09-20,23.4,21.5,25.5,0.0,,,10.3,,1018.8,
2025-09-21,23.5,21.2,25.5,0.0,,,15.5,,1014.8,
2025-09-22,24.5,22.2,26.4,0.3,,,24.7,,1013.7,
2025-09-23,22.5,20.3,24.7,0.0,,,19.0,,1014.5,
2025-09-24,21.7,19.6,23.9,0.0,,,29.3,,1017.5,
2025-09-25,22.4,20.6,24.5,0.0,,,30.2,,1016.1,
2025-09-26,22.2,19.5,24.9,0.0,,,20.0,,1017.6,
2025-09-27,21.9,18.9,24.4,0.0,,,10.0,,1019.1,
2025-09-28,23.3,20.9,25.5,0.3,,,21.3,,1016.2,
2025-09-29,22.0,20.5,24.2,0.0,,,15.9,,1015.7,
2025-09-30,21.7,19.6,24.1,0.0,,,14.6,,1017.4,
2025-10-01,21.6,19.7,23.5,0.0,,,18.1,,1019.0,
2025-10-02,21.5,19.1,23.8,0.0,,,26.1,,1020.7,
2025-10-03,21.2,17.7,24.6,0.0,,,10.4,,1021.3,
2025-10-04,22.7,19.7,25.0,0.0,,,9.2,,1019.8,
2025-10-05,22.6,19.6,25.7,0.0,,,14.3,,1018.5,
2025-10-06,21.6,19.4,24.0,0.0,,,35.4,,1022.2,
2025-10-07,20.2,17.6,23.1,0.0,,,23.2,,1021.8,
2025-10-08,20.8,17.1,23.9,0.0,,,13.1,,1019.8,
2025-10-09,21.1,18.8,23.6,0.0,,,12.9,,1018.5,
2025-10-10,20.0,17.5,22.5,0.0,,,16.2,,1019.4,
2025-10-11,21.6,19.2,24.3,0.1,,,13.7,,1019.5,
2025-10-12,23.3,19.2,26.2,0.0,,,18.3,,1017.6,
2025-10-13,25.6,23.9,28.9,0.9,,,28.1,,1015.0,
2025-10-14,22.3,20.9,24.3,0.0,,,18.6,,1015.9,
2025-10-15,21.0,19.7,22.7,0.8,,,11.1,,1017.8,
2025-10-16,20.1,18.1,22.1,0.0,,,18.9,,1016.7,
2025-10-17,20.4,17.9,23.2,0.0,,,27.2,,1015.8,
2025-10-18,19.9,17.9,22.3,0.0,,,17.3,,1018.3,
2025-10-19,19.4,16.6,22.4,0.0,,,14.6,,1017.8,
2025-10-20,21.2,17.5,24.1,0.0,,,20.6,,1013.4,
2025-10-21,21.6,19.0,23.7,0.0,,,33.9,,1013.5,
2025-10-22,21.9,20.2,24.1,0.0,,,37.9,,1015.4,
2025-10-23,23.3,19.7,27.4,0.0,,,36.8,,1016.7,
2025-10-24,23.1,20.0,26.6,0.0,,,12.6,,1016.6,
2025-10-25,23.6,21.0,26.7,0.0,,,12.6,,1013.7,
2025-10-26,22.3,19.9,25.4,1.5,,,30.2,,1014.9,
2025-10-27,19.4,17.1,21.0,0.1,,,15.1,,1020.4,
2025-10-28,18.7,15.1,22.3,0.0,,,15.5,,1018.9,
2025-10-29,23.4,18.3,27.8,1.7,,,24.6,,1011.7,
2025-10-30,20.8,19.1,23.9,5.6,,,31.7,,1013.7,
2025-10-31,20.6,18.3,24.1,0.0,,,13.3,,1018.0,
2025-11-01,20.1,17.5,23.2,0.0,,,11.0,,1019.3,
2025-11-02,20.2,17.9,23.8,0.0,,,23.9,,1021.4,
2025-11-03,18.9,17.0,21.7,0.2,,,14.5,,1023.2,
2025-11-04,18.6,16.0,21.9,0.0,,,16.6,,1021.8,
2025-11-05,20.0,16.2,23.7,0.0,,,12.6,,1016.6,
2025-11-06,19.6,17.4,21.4,2.0,,,35.1,,1014.6,
2025-11-07,17.6,14.8,19.9,0.0,,,27.9,,1016.5,
2025-11-08,17.7,15.5,20.1,2.0,,,33.3,,1015.8,
2025-11-09,17.3,14.4,19.9,0.2,,,12.2,,1020.0,
2025-11-10,16.7,13.3,20.8,0.0,,,16.0,,1018.4,
2025-11-11,17.8,13.3,22.3,0.0,,,16.7,,1017.7,
2025-11-12,22.3,16.2,28.5,0.0,,,21.6,,1015.3,
2025-11-13,25.3,22.5,29.1,0.0,,,35.7,,1015.1,
2025-11-14,22.7,19.8,25.5,0.0,,,34.1,,1013.5,
2025-11-15,20.2,17.6,23.8,0.0,,,16.3,,1015.9,
2025-11-16,19.4,17.3,22.9,1.9,,,27.6,,1013.9,
2025-11-17,17.0,14.8,18.4,6.5,,,31.5,,1014.0,
2025-11-18,15.4,13.6,17.5,0.0,,,12.2,,1015.7,
2025-11-19,15.3,12.9,18.9,0.0,,,18.7,,1015.5,
2025-11-20,15.3,14.1,17.3,0.9,,,26.8,,1015.2,
2025-11-21,14.4,13.6,15.4,0.3,,,31.4,,1020.9,
2025-11-22,12.8,10.6,14.4,0.0,,,22.6,,1027.0,
2025-11-23,13.0,9.7,17.6,0.0,,,21.9,,1025.3,
2025-11-24,16.1,13.3,19.6,0.0,,,39.7,,1018.0,
2025-11-25,16.4,15.5,17.5,3.5,,,33.9,,1014.5,
2025-11-26,14.2,12.1,15.6,3.4,,,26.2,,1019.3,
2025-11-27,14.0,12.8,15.5,0.0,,,18.7,,1021.2,
2025-11-28,12.3,8.8,16.0,0.0,,,12.7,,1022.6,
2025-11-29,12.7,8.8,18.2,0.0,,,13.1,,1018.2,
2025-11-30,14.1,11.9,17.8,0.0,,,22.5,,1015.2,
2025-12-01,13.7,11.0,16.6,0.0,,,9.3,,1018.0,
2025-12-02,14.1,11.3,17.5,0.0,,,26.2,,1016.9,
2025-12-03,12.5,11.3,13.8,13.0,,,30.3,,1015.3,
2025-12-04,13.7,9.9,16.1,0.8,,,41.3,,1018.8,
2025-12-05,15.8,14.4,16.9,1.1,,,34.9,,1019.0,
2025-12-06,15.9,13.7,19.4,0.0,,,28.5,,1022.6,
2025-12-07,16.0,13.3,19.3,0.0,,,17.7,,1022.9,
2025-12-08,15.3,12.4,19.2,0.0,,,10.9,,1023.0,
2025-12-09,15.4,12.8,19.2,0.0,,,11.3,,1022.7,
2025-12-10,15.1,12.2,19.4,0.0,,,14.2,,1020.9,
2025-12-11,13.9,11.3,17.7,0.0,,,12.7,,1020.9,
2025-12-12,13.3,10.9,16.6,0.0,,,16.8,,1018.2,
2025-12-13,14.0,10.0,17.7,0.0,,,17.9,,1019.7,
2025-12-14,16.2,13.3,18.3,0.1,,,16.3,,1018.6,
2025-12-15,16.2,13.4,18.8,0.0,,,22.5,,1014.1,
2025-12-16,14.7,13.2,17.3,0.2,,,21.9,,1010.0,
2025-12-17,13.5,12.0,15.1,0.4,,,13.6,,1017.4,
2025-12-18,14.5,12.7,16.3,0.0,,,20.6,,1020.9,
2025-12-19,14.9,14.1,16.8,6.6,,,10.1,,1019.0,
2025-12-20,13.6,13.0,14.2,30.2,,,23.4,,1015.1,
2025-12-21,14.0,11.2,17.2,0.0,,,29.8,,1010.8,
2025-12-22,11.5,10.2,14.4,12.3,,,30.9,,1009.4,
2025-12-23,10.6,8.2,13.5,1.0,,,30.1,,1010.9,
2025-12-24,11.8,10.2,13.9,2.7,,,21.3,,1008.0,
2025-12-25,11.8,10.4,14.1,2.1,,,20.8,,1008.3,
2025-12-26,11.5,10.1,13.6,14.9,,,34.0,,1012.3,
2025-12-27,12.2,9.9,15.8,0.0,,,17.3,,1015.9,
2025-12-28,14.4,12.7,17.7,0.1,,,24.1,,1015.5,
2025-12-29,13.0,11.3,15.3,0.0,,,15.6,,1017.7,
2025-12-30,11.8,10.0,14.7,1.5,,,23.7,,1020.6,
2025-12-31,12.2,10.3,15.1,0.4,,,19.6,,1019.4,
2026-01-01,11.9,7.6,15.9,0.0,,,14.3,,1018.2,
2026-01-02,15.2,11.1,19.1,0.0,,,16.6,,1012.3,
2026-01-03,17.2,15.9,19.3,0.0,,,33.7,,1005.4,
2026-01-04,15.5,12.7,17.5,0.6,,,18.1,,1001.6,
2026-01-05,13.1,12.0,14.2,17.1,,,18.4,,1003.9,
2026-01-06,9.9,8.1,12.0,36.6,,,26.3,,1010.8,
2026-01-07,9.4,6.7,11.6,5.5,,,29.7,,1022.6,
2026-01-08,11.9,8.3,15.5,0.0,,,33.0,,1029.4,
2026-01-09,13.4,11.3,15.8,0.0,,,41.8,,1025.6,
2026-01-10,13.3,10.8,14.6,0.6,,,25.8,,1025.0,
2026-01-11,11.6,9.2,14.6,0.0,,,17.1,,1026.5,
2026-01-12,12.9,8.9,17.6,0.0,,,18.3,,1024.2,
2026-01-13,15.6,13.3,18.9,0.0,,,30.8,,1018.5,
2026-01-14,14.3,12.0,17.1,0.0,,,25.4,,1018.9,
2026-01-15,12.0,9.5,15.4,0.0,,,15.7,,1019.3,
2026-01-16,12.7,10.6,15.3,0.0,,,23.8,,1016.6,
2026-01-17,12.2,10.5,13.6,5.4,,,24.4,,1011.7,
2026-01-18,11.2,8.9,13.7,0.6,,,19.6,,1010.3,
2026-01-19,10.9,9.9,11.8,28.4,,,17.4,,1010.6,
2026-01-20,12.0,11.6,12.6,70.9,,,53.4,,1008.7,
2026-01-21,12.7,11.8,13.8,16.6,,,28.8,,1009.5,
2026-01-22,13.5,12.1,14.7,9.8,,,46.7,,1004.7,
2026-01-23,14.0,13.4,15.8,10.3,,,46.3,,1005.1,
2026-01-24,10.8,7.2,13.0,7.6,,,48.3,,1006.4,
2026-01-25,12.1,6.3,14.6,2.2,,,54.7,,1012.7,
2026-01-26,15.2,14.3,16.0,1.0,,,55.1,,1013.7,
2026-01-27,16.6,14.1,18.7,0.3,,,43.7,,1009.8,
2026-01-28,15.7,13.7,18.0,1.2,,,55.5,,1005.8,
2026-01-29,17.4,15.8,18.9,4.5,,,60.3,,1009.5,
2026-01-30,16.4,15.5,18.2,1.0,,,50.0,,1011.6,
2026-01-31,14.6,13.2,16.1,2.8,,,52.0,,1012.6,
2026-02-01,13.7,10.9,16.4,0.0,,,31.9,,1016.6,
2026-02-02,15.9,13.3,20.4,0.2,,,36.9,,1006.4,
2026-02-03,12.4,10.7,15.4,8.2,,,33.5,,1007.1,
2026-02-04,14.1,11.2,16.8,21.0,,,50.3,,1002.1,
2026-02-05,18.4,16.9,21.0,0.0,,,53.4,,1003.1,
2026-02-06,16.5,14.7,18.0,0.1,,,46.3,,1008.7,
2026-02-07,14.0,11.5,15.6,3.7,,,47.6,,1014.3,
2026-02-08,13.5,11.2,15.1,4.0,,,48.6,,1011.0,
2026-02-09,14.4,11.8,16.4,4.6,,,38.0,,1013.4,
2026-02-10,17.1,16.0,18.7,0.0,,,51.0,,1014.5,
2026-02-14,13.1,,,,,,47.8,,1007.9,
2026-02-15,13.8,12.9,14.8,0.0,,,40.4,,1023.1,
2026-02-16,14.7,12.7,16.9,0.0,,,47.9,,1024.4,
2026-02-17,15.0,12.9,17.8,0.0,,,31.1,,1024.0,
2026-02-18,16.0,13.4,19.2,0.0,,,23.2,,1018.8,
2026-02-19,14.1,11.6,15.5,1.8,,,35.7,,1021.0,
2026-02-20,12.1,9.8,14.7,0.0,,,19.5,,1027.5,
2026-02-21,12.1,9.0,15.5,0.0,,,16.7,,1030.2,
2026-02-22,14.2,10.2,18.1,0.0,,,12.8,,1028.7,
2026-02-23,15.0,12.5,18.7,0.0,,,11.1,,1025.0,
2026-02-24,14.8,11.5,17.2,0.0,,,10.0,,1021.8,
2026-02-25,15.8,12.3,19.4,0.0,,,14.7,,1018.5,
2026-02-26,15.5,12.2,20.1,0.0,,,14.5,,1023.2,
2026-02-27,16.1,11.9,21.1,0.0,,,16.4,,1022.3,
2026-02-28,15.2,13.1,17.4,0.0,,,16.9,,1020.0,
2026-03-01,14.5,13.1,16.2,0.0,,,20.7,,1022.1,
2026-03-02,15.8,12.0,18.7,0.2,,,20.4,,1015.4,
2026-03-03,18.1,15.5,19.6,0.0,,,20.7,,1010.5,
2026-03-04,19.1,16.3,22.4,0.1,,,27.1,,1011.1,
2026-03-05,13.2,11.7,15.6,10.5,,,30.1,,1012.2,
2026-03-06,13.1,11.4,15.3,14.3,,,34.8,,1013.5,
2026-03-07,13.1,11.1,16.6,0.0,,,17.3,,1018.2,
2026-03-08,13.1,10.6,15.6,0.3,,,12.4,,1020.4,
2026-03-09,13.1,11.5,15.1,0.6,,,11.7,,1021.4,
2026-03-10,12.5,11.0,15.3,7.1,,,16.6,,1018.6,
2026-03-11,12.1,10.1,14.3,1.5,,,11.1,,1023.7,
2026-03-12,13.1,10.7,15.2,0.0,,,9.4,,1025.9,
2026-03-13,13.7,10.0,17.5,0.0,,,11.6,,1020.5,
2026-03-14,14.7,12.3,17.3,0.8,,,36.2,,1010.7,
2026-03-15,13.2,11.2,14.6,5.0,,,28.1,,1011.5,
2026-03-16,13.7,10.9,15.1,0.0,,,16.7,,1020.2,
2026-03-17,13.0,8.9,16.3,0.0,,,13.8,,1018.0,
2026-03-18,15.5,10.8,20.8,0.0,,,16.7,,1009.5,
2026-03-19,15.0,12.7,17.7,0.0,,,31.5,,1009.8,
2026-03-20,14.4,13.2,16.4,0.0,,,47.8,,1009.1,
2026-03-21,13.6,12.5,14.0,1.6,,,30.0,,1010.0,
2026-03-22,13.4,11.8,15.4,0.0,,,19.6,,1010.9,
2026-03-23,13.1,10.4,15.5,0.0,,,16.7,,1014.3,
2026-03-24,13.5,12.0,15.2,0.0,,,24.9,,1021.8,
2026-03-25,12.8,8.9,16.4,0.0,,,12.4,,1019.5,
2026-03-26,13.7,11.9,15.9,0.0,,,26.9,,1014.6,
2026-03-27,12.8,10.9,14.8,0.0,,,37.1,,1015.7,
2026-03-28,12.5,10.2,14.7,0.0,,,22.1,,1020.2,
2026-03-29,10.7,8.7,12.9,26.9,,,30.3,,1020.4,
2026-03-30,12.5,10.1,13.7,30.1,,,39.5,,1023.0,
2026-03-31,12.4,9.5,15.3,0.8,,,24.4,,1021.1,
2026-04-01,12.0,10.6,13.7,1.2,,,16.8,,1018.8,
2026-04-02,13.2,10.9,14.1,2.0,,,21.5,,1016.5,
2026-04-03,13.4,10.9,15.5,0.0,,,12.2,,1021.0,
2026-04-04,12.9,9.1,16.3,0.0,,,13.6,,1025.2,
2026-04-05,14.8,10.2,19.0,0.0,,,16.7,,1024.1,
2026-04-06,17.6,12.9,22.0,0.0,,,18.2,,1021.5,
2026-04-07,21.0,18.3,24.4,0.0,,,28.4,,1018.6,
2026-04-08,20.7,18.8,24.4,0.0,,,26.8,,1017.3,
2026-04-09,20.7,17.3,23.2,0.0,,,21.3,,1016.2,
2026-04-10,21.5,17.7,25.1,0.0,,,20.9,,1013.2,
2026-04-11,19.4,15.4,24.4,2.0,,,19.4,,1007.5,
2026-04-12,15.0,14.2,15.7,6.8,,,19.9,,1006.5,
2026-04-13,13.3,11.8,14.7,21.4,,,30.4,,1011.0,
2026-04-14,14.5,11.5,16.6,0.0,,,17.7,,1018.3,
2026-04-15,14.8,10.7,17.8,0.0,,,10.8,,1021.2,
2026-04-16,16.1,13.0,18.6,0.0,,,14.2,,1020.9,
2026-04-17,16.4,12.6,19.6,0.0,,,13.4,,1019.4,
2026-04-18,17.0,14.7,19.8,0.0,,,18.4,,1018.7,
2026-04-19,17.2,14.4,20.2,0.0,,,18.5,,1017.0,
2026-04-20,17.9,15.4,20.3,0.0,,,12.2,,1013.2,
2026-04-21,20.1,17.5,22.5,0.0,,,16.4,,1009.5,
2026-04-22,19.5,17.3,20.6,0.0,,,14.2,,1012.0,
2026-04-23,19.3,17.0,22.0,0.0,,,25.1,,1012.4,
2026-04-24,17.7,16.5,19.3,0.0,,,13.8,,1013.5,
2026-04-25,17.2,16.1,18.5,4.7,,,18.0,,1015.5,
2026-04-26,16.9,15.6,19.2,0.7,,,21.7,,1016.5,
2026-04-27,17.0,15.3,18.8,0.0,,,26.2,,1015.4,
2026-04-28,17.8,15.4,20.8,0.0,,,26.6,,1009.1,
2026-04-29,17.7,16.1,19.6,0.0,,,18.2,,1010.4,
2026-04-30,17.1,15.4,18.9,0.0,,,14.0,,1015.5,
2026-05-01,17.2,16.2,18.2,7.2,,,10.6,,1019.0,
2026-05-02,17.7,14.6,19.7,0.0,,,17.2,,1017.9,
2026-05-03,19.5,17.4,23.7,8.2,,,18.1,,1014.0,
2026-05-04,17.8,17.1,19.4,6.5,,,15.5,,1014.4,
2026-05-05,18.1,16.4,19.8,0.0,,,20.9,,1013.2,
2026-05-06,17.6,15.6,19.4,0.0,,,13.9,,1011.1,
2026-05-07,16.2,15.0,17.8,4.6,,,17.4,,1010.3,
2026-05-08,16.4,13.2,18.5,0.0,,,15.0,,1012.3,
2026-05-09,17.7,16.0,21.3,1.8,,,27.1,,1009.8,
2026-05-10,18.5,16.2,21.7,0.0,,,14.8,,1015.4,
2026-05-11,18.5,16.3,20.4,0.0,,,19.9,,1016.4,
2026-05-12,19.2,16.9,21.3,0.0,,,27.7,,1017.3,
2026-05-13,18.3,16.0,20.3,0.0,,,27.7,,1017.6,
2026-05-14,18.8,15.9,21.2,0.0,,,20.4,,1011.2,
2026-05-15,18.8,15.9,21.0,0.5,,,39.9,,1008.1,
2026-05-16,16.7,14.0,18.4,0.0,,,13.5,,1014.3,
2026-05-17,16.9,14.4,19.1,0.0,,,12.0,,1016.9,
2026-05-18,17.8,15.1,20.2,0.4,,,15.2,,1018.5,
2026-05-19,19.5,16.3,22.1,0.0,,,12.1,,1020.9,
2026-05-20,21.0,19.1,22.9,0.0,,,20.9,,1021.9,
2026-05-21,20.6,18.0,23.2,0.0,,,27.2,,1022.1,
2026-05-22,21.1,18.8,23.9,0.0,,,31.5,,1021.8,
2026-05-23,19.9,17.6,21.9,0.0,,,28.6,,1021.6,
2026-05-24,19.6,17.4,21.5,0.0,,,27.1,,1022.8,
2026-05-25,19.5,17.6,21.3,0.0,,,25.9,,1024.4,
2026-05-26,19.5,16.3,21.8,0.0,,,20.6,,1024.1,
2026-05-27,20.0,18.0,22.1,0.0,,,22.8,,1020.9,
2026-05-28,19.9,18.2,21.7,0.0,,,18.8,,1019.0,
2026-05-29,19.9,18.2,21.0,0.0,,,12.0,,1019.9,
2026-05-30,21.7,19.5,23.3,0.0,,,11.0,,1019.1,
2026-05-31,23.1,22.1,24.2,0.0,,,13.8,,1017.8,
2026-06-01,24.3,21.3,26.0,0.0,,,12.0,,1015.5,
2026-06-02,25.5,23.4,27.2,0.0,,,23.8,,1013.5,
2026-06-03,23.3,21.3,24.8,0.0,,,16.8,,1015.0,
2026-06-04,22.4,20.3,23.6,0.0,,,12.8,,1013.2,
2026-06-05,23.0,21.5,24.3,0.0,,,14.9,,1012.5,
2026-06-06,22.4,20.6,23.9,0.0,,,20.7,,1016.5,
2026-06-07,22.7,21.3,24.8,0.0,,,29.0,,1017.6,
2026-06-08,22.6,21.4,23.8,0.0,,,13.6,,1017.3,
2026-06-09,22.2,20.9,23.8,0.0,,,14.5,,1015.7,
2026-06-10,22.1,20.0,23.8,0.0,,,23.9,,1015.6,
2026-06-11,21.8,20.5,23.2,0.0,,,44.2,,1019.1,
2026-06-12,20.8,19.1,22.6,0.0,,,46.0,,1021.5,
2026-06-13,21.0,18.8,23.0,0.0,,,36.8,,1019.1,
2026-06-14,21.2,19.8,24.5,0.2,,,14.3,,1015.4,
2026-06-15,22.2,19.8,24.8,0.0,,,18.8,,1014.4,
2026-06-16,22.7,21.1,24.5,0.0,,,16.4,,1015.7,
2026-06-17,23.6,21.0,26.1,0.0,,,32.5,,1015.1,
2026-06-18,26.0,21.9,29.9,0.7,,,22.4,,1013.5,
2026-06-19,27.5,24.5,30.1,0.0,,,19.1,,1012.0,
2026-06-20,29.4,26.8,32.3,0.0,,,20.3,,1014.0,
2026-06-21,29.3,26.8,32.2,0.0,,,20.8,,1017.8,
2026-06-22,27.2,25.4,28.6,0.0,,,24.7,,1017.2,
2026-06-23,26.2,23.3,28.3,0.0,,,27.0,,1014.3,
2026-06-24,24.0,21.8,25.7,0.0,,,21.5,,1013.7,
2026-06-25,24.2,22.9,26.0,0.0,,,23.4,,1014.7,
2026-06-26,24.0,22.2,26.0,0.0,,,15.5,,1017.6,
2026-06-27,23.7,22.0,24.9,0.0,,,10.6,,1017.8,
2026-06-28,24.2,22.7,26.1,0.0,,,10.4,,1018.0,
2026-06-29,24.3,22.5,25.8,0.0,,,16.1,,1019.0,
2026-06-30,25.1,22.7,26.8,0.0,,,17.1,,1018.6,
2026-07-01,25.6,23.4,27.6,0.0,,,21.5,,1018.0,
2026-07-02,25.7,23.5,28.4,0.0,,,33.9,,1017.7,
2026-07-03,25.3,23.4,27.3,0.0,,,23.9,,1021.2,
2026-07-04,24.8,22.7,26.7,0.0,,,22.7,,1022.5,
2026-07-05,24.8,22.0,27.4,0.0,,,23.1,,1020.6,
2026-07-06,24.7,21.9,27.3,0.0,,,20.8,,1019.0,
2026-07-07,25.6,23.0,27.4,0.0,,,14.0,,1018.5,
2026-07-08,27.5,25.9,29.0,0.0,,,12.3,,1016.7,
2026-07-09,27.2,25.9,29.0,0.0,,,14.8,,1012.3,
2026-07-10,27.4,25.0,29.5,0.0,,,12.7,,1010.0,
2026-07-11,27.2,24.6,29.5,0.0,,,17.8,,1010.7,
2026-07-12,27.2,24.7,31.0,0.0,,,21.8,,1011.6,
2026-07-13,25.8,23.5,28.0,0.0,,,16.6,,1014.5,
2026-07-14,27.1,24.7,29.7,0.0,,,12.8,,1015.7,
2026-07-15,28.2,25.0,31.7,0.0,,,16.0,,1017.0,
2026-07-16,30.9,28.1,33.3,0.0,,,17.6,,1015.6,
2026-07-17,30.3,28.1,32.6,0.0,,,17.4,,1014.8,
2026-07-18,31.4,28.9,34.7,0.0,,,14.9,,1012.7,
2026-07-19,30.2,27.2,32.8,0.0,,,18.5,,1013.1,
2026-07-20,30.1,28.7,32.1,0.0,,,14.8,,1014.1,
2026-07-21,30.3,28.0,32.7,0.0,,,15.7,,1014.8,
